{"type":"FeatureCollection","features":[{"type":"Feature","properties":{"Name":"Kingdom of Kush","FromYear":-630,"ToYear":337,"Area":336379.1560970084,"Type":"POLITY","Wikipedia":"Kingdom of Kush","SeshatID":"","MemberOf":"","Components":""},"geometry":{"type":"Polygon","coordinates":[[[33.83782196044922,22.079116821289062],[33.76346206665039,22.079116821289062],[33.835208892822266,22.014829635620117],[33.74533462524414,21.629112243652344],[33.81963348388672,21.629112243652344],[34.25754165649414,19.6362361907959],[34.468746185302734,19.379087448120117],[34.597408294677734,18.929079055786133],[34.87919235229492,18.607641220092773],[34.93901062011719,18.286205291748047],[35.299827575683594,18.093341827392578],[35.50127029418945,17.643327713012695],[36.00331497192383,17.321889877319336],[36.05393600463867,16.807586669921875],[35.67131805419922,16.486146926879883],[34.71365737915039,16.486146926879883],[34.55558776855469,16.228994369506836],[34.68425369262695,15.77897834777832],[34.098121643066406,15.843266487121582],[33.86210632324219,15.457538604736328],[32.52862548828125,15.200387001037598],[32.533355712890625,15.328963279724121],[32.09444808959961,15.393251419067383],[31.733671188354492,15.586114883422852],[31.5269718170166,15.971842765808105],[31.536441802978516,16.228994369506836],[31.39390754699707,16.35757064819336],[31.47713279724121,16.614723205566406],[31.336956024169922,16.807586669921875],[31.220840454101562,17.643327713012695],[31.14703941345215,17.643327713012695],[30.876768112182617,20.343387603759766],[30.80263328552246,20.343387603759766],[30.81843376159668,20.793392181396484],[30.744239807128906,20.793392181396484],[30.762121200561523,21.307680130004883],[30.687862396240234,21.307680130004883],[30.63583755493164,21.950544357299805],[30.561492919921875,21.950544357299805],[30.72144317626953,22.271976470947266],[30.742036819458008,22.85055923461914],[30.534862518310547,23.30057144165039],[30.537214279174805,23.36486053466797],[31.670488357543945,23.75058937072754],[32.040863037109375,23.68630027770996],[33.38899612426758,23.814878463745117],[33.6817741394043,23.68630027770996],[33.67897033691406,23.622013092041016],[33.8225212097168,23.493436813354492],[33.80870819091797,23.171995162963867],[33.88322067260742,23.171995162963867],[33.84043502807617,22.143402099609375],[33.83782196044922,22.079116821289062]]]}},{"type":"Feature","properties":{"Name":"Zapotec Civilization","FromYear":-500,"ToYear":-292,"Area":6447.0784608483955,"Type":"POLITY","Wikipedia":"Zapotec civilization","SeshatID":"mx_monte_alban_1_early","MemberOf":"","Components":""},"geometry":{"type":"Polygon","coordinates":[[[-97.17969512939453,17.129026412963867],[-96.89558410644531,16.743297576904297],[-96.5374526977539,16.807586669921875],[-96.55825805664062,16.9361629486084],[-96.26338958740234,16.9361629486084],[-96.30536651611328,17.193313598632812],[-96.8644027709961,17.450464248657227],[-96.90778350830078,17.707616806030273],[-96.9598159790039,17.57904052734375],[-97.41349029541016,17.643327713012695],[-97.23329162597656,17.450464248657227],[-97.37004089355469,17.38617706298828],[-97.3485336303711,17.257600784301758],[-97.19033813476562,17.193313598632812],[-97.17969512939453,17.129026412963867]]]}},{"type":"Feature","properties":{"Name":"Yuezhi","FromYear":-404,"ToYear":-204,"Area":907503.0329211464,"Type":"POLITY","Wikipedia":"Yuezhi","SeshatID":"","MemberOf":"","Components":""},"geometry":{"type":"Polygon","coordinates":[[[78.56915283203125,45.169586181640625],[78.35040283203125,45.431331634521484],[77.99649810791016,45.56227111816406],[78.02180480957031,45.82429504394531],[77.83050537109375,45.95537567138672],[77.88424682617188,46.08650588989258],[77.7476577758789,46.1520881652832],[77.74681091308594,46.348915100097656],[77.36439514160156,46.414546966552734],[77.39138793945312,46.480194091796875],[75.4511947631836,46.54585266113281],[75.31684112548828,46.414546966552734],[74.88140106201172,46.348915100097656],[74.7525863647461,46.02093505859375],[74.3186264038086,45.95537567138672],[74.1169662475586,45.431331634521484],[74.25473022460938,45.36587905883789],[74.13007354736328,45.03877639770508],[73.96763610839844,45.03877639770508],[73.97464752197266,44.842647552490234],[74.24962615966797,44.71194839477539],[74.28126525878906,44.58129119873047],[74.44326782226562,44.58129119873047],[74.56269836425781,44.25482940673828],[74.99827575683594,44.12431716918945],[74.7947998046875,43.79821014404297],[75.20498657226562,43.6026611328125],[75.13961791992188,43.211830139160156],[75.38846588134766,43.016544342041016],[75.76555633544922,42.95146560668945],[75.87763214111328,42.82133865356445],[75.70149993896484,42.56119155883789],[75.81388854980469,42.43117141723633],[76.15782928466797,42.496177673339844],[76.14231872558594,42.236209869384766],[76.27835845947266,42.17123794555664],[76.2073974609375,41.97637939453125],[76.00094604492188,41.84651184082031],[73.34345245361328,41.06801223754883],[72.998046875,40.74397277832031],[72.48039245605469,40.614410400390625],[72.33872985839844,40.42012023925781],[72.10132598876953,40.42012023925781],[71.98114013671875,40.29063034057617],[72.25650024414062,40.16116714477539],[72.19562530517578,39.9670295715332],[72.4324722290039,39.9670295715332],[72.66744995117188,39.70827102661133],[73.41546630859375,39.57893371582031],[73.37529754638672,39.449623107910156],[74.75196075439453,39.320335388183594],[77.02529907226562,38.80344009399414],[77.257568359375,38.54513168334961],[77.41437530517578,38.54513168334961],[77.5103530883789,38.351463317871094],[77.6670150756836,38.351463317871094],[77.84146118164062,38.157840728759766],[77.80143737792969,38.028785705566406],[78.09307098388672,37.706241607666016],[78.38568878173828,37.641746520996094],[78.42435455322266,37.51277160644531],[79.14535522460938,37.3193473815918],[79.39822387695312,37.12596130371094],[80.37127685546875,36.9970588684082],[81.03121185302734,36.61045455932617],[81.26437377929688,36.61045455932617],[81.71249389648438,36.80373764038086],[82.1014175415039,36.80373764038086],[85.1133804321289,37.44829177856445],[85.35621643066406,37.706241607666016],[85.81294250488281,37.89975357055664],[86.08140563964844,38.22237777709961],[86.44012451171875,38.351463317871094],[87.66171264648438,38.48057174682617],[88.7458267211914,38.8680305480957],[90.46930694580078,39.06184005737305],[92.14295196533203,39.51427459716797],[93.1694107055664,39.90232849121094],[93.1717529296875,40.0964469909668],[93.38833618164062,40.42012023925781],[93.3092041015625,40.42012023925781],[93.47207641601562,40.614410400390625],[93.23443603515625,40.614410400390625],[92.6102523803711,41.00318908691406],[92.45149993896484,41.00318908691406],[92.47976684570312,41.06801223754883],[92.32095336914062,41.06801223754883],[92.34925842285156,41.132843017578125],[91.27023315429688,41.39224624633789],[90.77527618408203,41.71668243408203],[90.5362319946289,41.71668243408203],[90.43372344970703,41.84651184082031],[90.19451141357422,41.84651184082031],[90.22297668457031,41.911441802978516],[89.61315155029297,41.97637939453125],[89.64155578613281,42.041324615478516],[88.81988525390625,42.17123794555664],[88.84820556640625,42.236209869384766],[88.07719421386719,42.30118942260742],[88.10537719726562,42.36617660522461],[85.76380920410156,42.691246032714844],[85.79151153564453,42.75628662109375],[84.10846710205078,42.75628662109375],[82.56132507324219,42.30118942260742],[81.12239837646484,42.30118942260742],[81.11953735351562,42.496177673339844],[81.03951263427734,42.496177673339844],[81.08898162841797,42.82133865356445],[80.79227447509766,43.08163070678711],[80.87104034423828,43.276947021484375],[80.7365951538086,43.342071533203125],[80.76190948486328,43.6026611328125],[80.38385772705078,44.05907440185547],[80.4101791381836,44.5159797668457],[80.32920837402344,44.5159797668457],[80.49140167236328,44.71194839477539],[80.38353729248047,44.842647552490234],[80.05903625488281,44.842647552490234],[79.95085144042969,44.973392486572266],[79.51801300048828,44.908016204833984],[79.54490661621094,44.973392486572266],[78.65043640136719,45.169586181640625],[78.56915283203125,45.169586181640625]],[[77.31682586669922,42.17123794555664],[76.99729919433594,42.17123794555664],[76.50984191894531,42.36617660522461],[76.52626037597656,42.62621307373047],[78.65859985351562,42.75628662109375],[78.58354949951172,42.56119155883789],[78.0357666015625,42.17123794555664],[77.29273223876953,42.10627746582031],[77.31682586669922,42.17123794555664]]]}},{"type":"Feature","properties":{"Name":"Xu","FromYear":-404,"ToYear":-292,"Area":3139.4815438011824,"Type":"POLITY","Wikipedia":"Xu (state)","SeshatID":"","MemberOf":"(Warring States China)","Components":""},"geometry":{"type":"Polygon","coordinates":[[[117.21321105957031,35.32271194458008],[117.15711212158203,35.194007873535156],[117.31163024902344,35.194007873535156],[117.41019439697266,35.065311431884766],[117.0182113647461,34.87228775024414],[116.76475524902344,35.00096893310547],[116.74299621582031,35.12965774536133],[116.5885238647461,35.12965774536133],[116.51753234863281,35.32271194458008],[117.06587219238281,35.51579284667969],[117.21321105957031,35.32271194458008]]]}},{"type":"Feature","properties":{"Name":"Yan","FromYear":-404,"ToYear":-292,"Area":39183.147680215094,"Type":"POLITY","Wikipedia":"Yan (state)","SeshatID":"","MemberOf":"(Warring States China)","Components":""},"geometry":{"type":"Polygon","coordinates":[[[119.3191146850586,39.51427459716797],[119.38044738769531,39.77294921875],[120.50029754638672,40.225894927978516],[120.64734649658203,40.4848747253418],[121.22704315185547,40.93837356567383],[119.34424591064453,40.42012023925781],[117.5674819946289,40.355369567871094],[117.06563568115234,40.16116714477539],[117.03045654296875,40.0964469909668],[116.92569732666016,39.90232849121094],[117.0142593383789,39.77294921875],[116.79842376708984,39.51427459716797],[116.93310546875,39.320335388183594],[116.70021057128906,38.8680305480957],[116.90290832519531,38.80344009399414],[116.87015533447266,38.738853454589844],[117.10558319091797,38.738853454589844],[117.11869812011719,38.60969924926758],[117.19712829589844,38.60969924926758],[117.62202453613281,38.67427444458008],[117.67569732666016,38.93262481689453],[117.88837432861328,39.19107437133789],[118.04566192626953,39.19107437133789],[118.0568618774414,39.06184005737305],[118.44984436035156,39.06184005737305],[118.98941802978516,39.19107437133789],[119.28438568115234,39.449623107910156],[119.3191146850586,39.51427459716797]]]}},{"type":"Feature","properties":{"Name":"Lu","FromYear":-404,"ToYear":-285,"Area":8797.7359734668,"Type":"POLITY","Wikipedia":"Lu (state)","SeshatID":"","MemberOf":"(Warring States China)","Components":""},"geometry":{"type":"Polygon","coordinates":[[[116.96784210205078,35.644527435302734],[117.02486419677734,35.77327346801758],[116.8497543334961,35.902034759521484],[116.90731811523438,36.03080368041992],[116.49980926513672,36.15959167480469],[116.4802017211914,36.28839111328125],[116.19877624511719,36.3527946472168],[116.22789001464844,36.417205810546875],[115.67527770996094,36.2239875793457],[115.64655303955078,36.15959167480469],[115.80168914794922,36.15959167480469],[115.76497650146484,35.902034759521484],[116.04647064208984,35.837650299072266],[115.96163177490234,35.644527435302734],[116.06019592285156,35.51579284667969],[116.21491241455078,35.51579284667969],[116.28563690185547,35.32271194458008],[116.51753234863281,35.32271194458008],[117.06587219238281,35.51579284667969],[116.96784210205078,35.644527435302734]]]}},{"type":"Feature","properties":{"Name":"Minaeans","FromYear":-383,"ToYear":-189,"Area":28483.780615845033,"Type":"POLITY","Wikipedia":"Minaeans","SeshatID":"","MemberOf":"","Components":""},"geometry":{"type":"Polygon","coordinates":[[[44.81336975097656,16.614723205566406],[44.304962158203125,16.743297576904297],[44.312355041503906,16.87187385559082],[44.087547302246094,16.807586669921875],[43.81843948364258,17.257600784301758],[43.89961624145508,17.38617706298828],[43.4791259765625,17.77190399169922],[43.250328063964844,17.643327713012695],[43.03257751464844,17.707616806030273],[43.02164077758789,17.514753341674805],[42.63478469848633,17.193313598632812],[42.48728942871094,17.193313598632812],[42.476654052734375,17.000450134277344],[42.75735855102539,16.743297576904297],[42.816959381103516,16.486146926879883],[42.81345748901367,16.421857833862305],[43.10809326171875,16.421857833862305],[43.39211654663086,16.228994369506836],[44.12490463256836,16.16470718383789],[44.33147048950195,15.907554626464844],[45.21470260620117,15.907554626464844],[45.21834945678711,15.971842765808105],[45.22568130493164,16.100418090820312],[44.809654235839844,16.550434112548828],[44.81336975097656,16.614723205566406]]]}},{"type":"Feature","properties":{"Name":"Cimmerian Bosporus","FromYear":-366,"ToYear":-231,"Area":6621.363391025828,"Type":"POLITY","Wikipedia":"Bosporan Kingdom","SeshatID":"","MemberOf":"","Components":""},"geometry":{"type":"MultiPolygon","coordinates":[[[[37.326812744140625,44.973392486572266],[37.10390090942383,45.10417556762695],[36.778892517089844,45.10417556762695],[36.74873733520508,45.431331634521484],[36.911563873291016,45.431331634521484],[36.972293853759766,45.300437927246094],[37.78577423095703,45.300437927246094],[37.933799743652344,44.71194839477539],[37.52848815917969,44.71194839477539],[37.31641387939453,44.908016204833984],[37.326812744140625,44.973392486572266]]],[[[36.08744430541992,45.36587905883789],[36.42308807373047,45.431331634521484],[36.37263107299805,45.10417556762695],[35.87525939941406,45.03877639770508],[35.732418060302734,45.169586181640625],[35.40727996826172,45.169586181640625],[35.387939453125,45.03877639770508],[35.21590805053711,44.973392486572266],[35.23509979248047,45.10417556762695],[35.153846740722656,45.10417556762695],[35.18263626098633,45.300437927246094],[36.006065368652344,45.36587905883789],[36.08744430541992,45.36587905883789]]]]}},{"type":"Feature","properties":{"Name":"Zhongshan","FromYear":-366,"ToYear":-302,"Area":10739.33328973716,"Type":"POLITY","Wikipedia":"Zhongshan","SeshatID":"","MemberOf":"(Warring States China)","Components":""},"geometry":{"type":"Polygon","coordinates":[[[116.92938995361328,38.54513168334961],[117.0077896118164,38.54513168334961],[117.04027557373047,38.60969924926758],[117.11869812011719,38.60969924926758],[117.10558319091797,38.738853454589844],[116.87015533447266,38.738853454589844],[116.90290832519531,38.80344009399414],[116.70021057128906,38.8680305480957],[116.93310546875,39.320335388183594],[116.79842376708984,39.51427459716797],[117.0142593383789,39.77294921875],[116.92569732666016,39.90232849121094],[117.03045654296875,40.0964469909668],[116.95145416259766,40.0964469909668],[116.45215606689453,39.90232849121094],[116.1364517211914,39.90232849121094],[116.10205078125,39.8376350402832],[115.8647689819336,39.38497543334961],[116.1009292602539,39.38497543334961],[116.09193420410156,39.06184005737305],[116.2618408203125,38.93262481689453],[116.16387939453125,38.738853454589844],[116.39930725097656,38.738853454589844],[116.1453628540039,38.54513168334961],[116.85098266601562,38.54513168334961],[116.92938995361328,38.54513168334961]]]}},{"type":"Feature","properties":{"Name":"Later Zhou","FromYear":-350,"ToYear":-257,"Area":3965.568753640481,"Type":"POLITY","Wikipedia":"Later Zhou","SeshatID":"cn_eastern_zhou_warring_states","MemberOf":"(Warring States China)","Components":""},"geometry":{"type":"Polygon","coordinates":[[[112.2393569946289,35.258358001708984],[112.1860122680664,35.12965774536133],[113.42180633544922,35.12965774536133],[113.47579956054688,35.258358001708984],[113.53009033203125,35.38706970214844],[113.40267181396484,35.45143127441406],[113.09331512451172,35.45143127441406],[112.3199234008789,35.45143127441406],[112.2661361694336,35.32271194458008],[112.2393569946289,35.258358001708984]]]}},{"type":"Feature","properties":{"Name":"Sabaeans","FromYear":-350,"ToYear":-280,"Area":35605.01064592351,"Type":"POLITY","Wikipedia":"Sabaeans","SeshatID":"","MemberOf":"","Components":""},"geometry":{"type":"Polygon","coordinates":[[[45.21470260620117,15.907554626464844],[44.33147048950195,15.907554626464844],[44.12490463256836,16.16470718383789],[43.39211654663086,16.228994369506836],[43.10809326171875,16.421857833862305],[42.81345748901367,16.421857833862305],[42.809967041015625,16.35757064819336],[42.6920051574707,15.52182674407959],[42.765567779541016,15.52182674407959],[42.81605529785156,15.07181167602539],[44.21622085571289,15.136098861694336],[44.28974151611328,15.136098861694336],[45.024959564208984,15.136098861694336],[45.17897415161133,15.26467514038086],[45.847938537597656,15.393251419067383],[45.85514831542969,15.52182674407959],[46.14939498901367,15.52182674407959],[46.38114929199219,15.714691162109375],[46.46971130371094,15.971842765808105],[46.39610290527344,15.971842765808105],[46.17527389526367,15.971842765808105],[46.0206184387207,15.843266487121582],[45.579044342041016,15.843266487121582],[45.365570068359375,15.971842765808105],[45.28830337524414,15.907554626464844],[45.21470260620117,15.907554626464844]]]}},{"type":"Feature","properties":{"Name":"Wey","FromYear":-350,"ToYear":-285,"Area":5529.404838143012,"Type":"POLITY","Wikipedia":"Wey (state)","SeshatID":"","MemberOf":"(Warring States China)","Components":""},"geometry":{"type":"Polygon","coordinates":[[[114.5815200805664,36.03080368041992],[114.82849884033203,35.708900451660156],[115.64655303955078,36.15959167480469],[115.67527770996094,36.2239875793457],[115.59768676757812,36.2239875793457],[115.62647247314453,36.28839111328125],[115.65534973144531,36.3527946472168],[115.57771301269531,36.3527946472168],[115.60665893554688,36.417205810546875],[115.3638916015625,36.73930740356445],[114.60979461669922,36.09519577026367],[114.5815200805664,36.03080368041992]]]}},{"type":"Feature","properties":{"Name":"Hadhramaut","FromYear":-350,"ToYear":183,"Area":86171.17286842132,"Type":"POLITY","Wikipedia":"Hadhramaut","SeshatID":"","MemberOf":"","Components":""},"geometry":{"type":"MultiPolygon","coordinates":[[[[51.07392501831055,15.457538604736328],[50.84516906738281,15.328963279724121],[50.75175476074219,15.007523536682129],[49.63019943237305,14.686083793640137],[48.535369873046875,14.81466007232666],[48.322261810302734,14.943235397338867],[47.52102279663086,15.07181167602539],[47.52838134765625,15.200387001037598],[46.6533088684082,15.328963279724121],[46.579769134521484,15.328963279724121],[46.14939498901367,15.52182674407959],[46.38114929199219,15.714691162109375],[46.46971130371094,15.971842765808105],[46.47349166870117,16.036130905151367],[46.55471420288086,16.16470718383789],[46.698150634765625,16.100418090820312],[48.11691665649414,16.421857833862305],[49.59426498413086,16.486146926879883],[50.11839294433594,16.614723205566406],[50.48252487182617,16.550434112548828],[51.080589294433594,16.67901039123535],[51.88673400878906,16.614723205566406],[51.95158767700195,16.486146926879883],[51.86045455932617,16.228994369506836],[51.24172592163086,15.77897834777832],[51.0780143737793,15.52182674407959],[51.07392501831055,15.457538604736328]]],[[[46.70197677612305,16.16470718383789],[46.62834548950195,16.16470718383789],[46.63217544555664,16.228994369506836],[46.705814361572266,16.228994369506836],[46.70197677612305,16.16470718383789]]]]}},{"type":"Feature","properties":{"Name":"Song","FromYear":-350,"ToYear":-292,"Area":34773.420991234634,"Type":"POLITY","Wikipedia":"Song (state)","SeshatID":"","MemberOf":"(Warring States China)","Components":""},"geometry":{"type":"Polygon","coordinates":[[[117.41019439697266,35.065311431884766],[117.0182113647461,34.87228775024414],[116.76475524902344,35.00096893310547],[116.74299621582031,35.12965774536133],[116.5885238647461,35.12965774536133],[116.51753234863281,35.32271194458008],[116.28563690185547,35.32271194458008],[116.21491241455078,35.51579284667969],[116.06019592285156,35.51579284667969],[115.96163177490234,35.644527435302734],[116.04647064208984,35.837650299072266],[115.76497650146484,35.902034759521484],[115.80168914794922,36.15959167480469],[115.64655303955078,36.15959167480469],[114.82849884033203,35.708900451660156],[115.07646179199219,35.38706970214844],[114.99391174316406,35.194007873535156],[114.4990234375,34.93662643432617],[114.47205352783203,34.87228775024414],[114.34123229980469,34.743614196777344],[114.64656829833984,34.55062484741211],[115.49419403076172,34.55062484741211],[115.59467315673828,34.42197799682617],[116.1069564819336,34.3576545715332],[116.61572265625,34.10039138793945],[117.2310791015625,34.10039138793945],[117.51571655273438,34.22901916503906],[117.7238998413086,34.3576545715332],[117.96569061279297,34.743614196777344],[117.5306167602539,34.80794906616211],[117.5367202758789,35.00096893310547],[117.41019439697266,35.065311431884766]]]}},{"type":"Feature","properties":{"Name":"Qi","FromYear":-350,"ToYear":-292,"Area":119997.63026045385,"Type":"POLITY","Wikipedia":"Qi (state)","SeshatID":"cn_qi_warring_states","MemberOf":"(Warring States China)","Components":""},"geometry":{"type":"Polygon","coordinates":[[[119.13066101074219,38.09331130981445],[118.77176666259766,38.157840728759766],[118.80416870117188,38.22237777709961],[118.64759826660156,38.22237777709961],[118.58300018310547,38.09331130981445],[118.06742095947266,38.157840728759766],[118.05360412597656,38.28691864013672],[117.60245513916016,38.48057174682617],[117.62202453613281,38.67427444458008],[117.22977447509766,38.67427444458008],[117.19712829589844,38.60969924926758],[116.61474609375,37.254878997802734],[116.12299346923828,36.8681755065918],[115.60665893554688,36.417205810546875],[115.57771301269531,36.3527946472168],[115.65534973144531,36.3527946472168],[115.62647247314453,36.28839111328125],[115.59768676757812,36.2239875793457],[115.67527770996094,36.2239875793457],[116.22789001464844,36.417205810546875],[116.19877624511719,36.3527946472168],[116.4802017211914,36.28839111328125],[116.49980926513672,36.15959167480469],[116.90731811523438,36.03080368041992],[116.8497543334961,35.902034759521484],[117.02486419677734,35.77327346801758],[116.96784210205078,35.644527435302734],[117.06587219238281,35.51579284667969],[117.21321105957031,35.32271194458008],[117.15711212158203,35.194007873535156],[117.31163024902344,35.194007873535156],[117.41019439697266,35.065311431884766],[117.5367202758789,35.00096893310547],[117.5306167602539,34.80794906616211],[117.96569061279297,34.743614196777344],[119.00927734375,35.708900451660156],[119.5323257446289,35.837650299072266],[120.04512786865234,35.77327346801758],[120.07456970214844,35.837650299072266],[120.31848907470703,36.03080368041992],[120.65852355957031,36.09519577026367],[120.73184967041016,36.417205810546875],[120.96481323242188,36.417205810546875],[120.97892761230469,36.61045455932617],[121.21208190917969,36.61045455932617],[121.91207885742188,36.932613372802734],[122.14556121826172,36.932613372802734],[122.16053771972656,36.80373764038086],[122.50314331054688,36.8681755065918],[122.56636810302734,36.9970588684082],[122.44239044189453,37.06150817871094],[122.71288299560547,37.44829177856445],[122.1211166381836,37.51277160644531],[122.15351867675781,37.5772590637207],[121.49687957763672,37.51277160644531],[121.48333740234375,37.641746520996094],[121.17103576660156,37.641746520996094],[121.11202239990234,37.835243225097656],[120.75377655029297,37.89975357055664],[120.18807220458984,37.706241607666016],[120.20220184326172,37.5772590637207],[119.82661437988281,37.44829177856445],[119.70111083984375,37.1904182434082],[119.15568542480469,37.1904182434082],[119.13996124267578,37.3193473815918],[118.98403930664062,37.3193473815918],[119.23655700683594,37.835243225097656],[119.3928451538086,37.835243225097656],[119.4571304321289,37.96426773071289],[119.17657470703125,38.028785705566406],[119.20889282226562,38.09331130981445],[119.13066101074219,38.09331130981445]]]}},{"type":"Feature","properties":{"Name":"Qataban","FromYear":-350,"ToYear":-111,"Area":11919.55236129688,"Type":"POLITY","Wikipedia":"Qataban","SeshatID":"ye_qatabanian_commonwealth","MemberOf":"","Components":""},"geometry":{"type":"Polygon","coordinates":[[[45.15485382080078,14.81466007232666],[44.777408599853516,14.621796607971191],[44.20613479614258,14.943235397338867],[44.28635787963867,15.07181167602539],[44.28974151611328,15.136098861694336],[45.024959564208984,15.136098861694336],[45.17897415161133,15.26467514038086],[45.847938537597656,15.393251419067383],[45.85514831542969,15.52182674407959],[46.14939498901367,15.52182674407959],[46.579769134521484,15.328963279724121],[46.576133728027344,15.26467514038086],[46.34123229980469,15.007523536682129],[45.74968338012695,14.943235397338867],[45.298439025878906,14.750371932983398],[45.22834396362305,14.81466007232666],[45.15485382080078,14.81466007232666]]]}},{"type":"Feature","properties":{"Name":"(Han)","FromYear":-337,"ToYear":-257,"Area":15533.517444959658,"Type":"POLITY","Wikipedia":"Han (state)","SeshatID":"","MemberOf":"(Warring States China)","Components":"Han"},"geometry":{"type":"Polygon","coordinates":[[[113.47579956054688,35.258358001708984],[113.42180633544922,35.12965774536133],[112.1860122680664,35.12965774536133],[112.2393569946289,35.258358001708984],[112.2661361694336,35.32271194458008],[112.3199234008789,35.45143127441406],[113.09331512451172,35.45143127441406],[112.93863677978516,35.45143127441406],[112.91567993164062,35.58015823364258],[111.88277435302734,35.51579284667969],[111.59017944335938,34.614952087402344],[113.44001770019531,34.614952087402344],[113.6738052368164,34.80794906616211],[114.47205352783203,34.87228775024414],[114.4990234375,34.93662643432617],[114.47595977783203,35.065311431884766],[114.27141571044922,35.12965774536133],[113.47579956054688,35.258358001708984]]]}},{"type":"Feature","properties":{"Name":"Carthage","FromYear":-337,"ToYear":-308,"Area":198873.7424123604,"Type":"POLITY","Wikipedia":"Ancient Carthage","SeshatID":"tn_carthage_emp","MemberOf":"(Carthage)","Components":""},"geometry":{"type":"MultiPolygon","coordinates":[[[[10.228352546691895,36.80373764038086],[10.461837768554688,36.73930740356445],[11.006271362304688,36.9970588684082],[11.006199836730957,36.80373764038086],[10.462488174438477,36.417205810546875],[10.540250778198242,36.3527946472168],[10.463515281677246,35.902034759521484],[10.851000785827637,35.708900451660156],[10.851019859313965,35.644527435302734],[11.08318042755127,35.58015823364258],[11.083049774169922,35.38706970214844],[11.005731582641602,35.38706970214844],[11.082771301269531,35.00096893310547],[10.85119342803955,34.93662643432617],[10.851213455200195,34.80794906616211],[10.543014526367188,34.55062484741211],[10.004497528076172,34.2933349609375],[10.081672668457031,34.22901916503906],[10.005777359008789,33.90746307373047],[10.23681354522705,33.71455001831055],[10.544031143188477,33.71455001831055],[10.697741508483887,33.52165222167969],[11.081541061401367,33.5859489440918],[11.157825469970703,33.20018768310547],[11.464441299438477,33.20018768310547],[12.228955268859863,32.81447219848633],[12.612099647521973,32.878753662109375],[12.534722328186035,32.75019073486328],[12.840824127197266,32.75019073486328],[12.841785430908203,32.878753662109375],[13.301749229431152,32.94303894042969],[13.453653335571289,32.81447219848633],[13.760527610778809,32.878753662109375],[13.759129524230957,32.75019073486328],[14.065231323242188,32.75019073486328],[14.444439888000488,32.493072509765625],[14.674704551696777,32.557350158691406],[14.749334335327148,32.428794860839844],[15.055076599121094,32.428794860839844],[15.282304763793945,32.30024337768555],[15.424593925476074,31.65752601623535],[15.575982093811035,31.593257904052734],[15.64897632598877,31.40045166015625],[16.178552627563477,31.20764923095703],[16.8635196685791,31.20764923095703],[17.846824645996094,30.950578689575195],[18.222288131713867,30.757776260375977],[18.592470169067383,30.372163772583008],[18.896053314208984,30.372163772583008],[18.8135986328125,30.115081787109375],[18.58609962463379,30.115081787109375],[18.216060638427734,30.500701904296875],[17.161096572875977,30.886310577392578],[15.5686616897583,31.143381118774414],[15.19299602508545,31.464719772338867],[15.050175666809082,32.107421875],[14.899360656738281,32.23596954345703],[14.516596794128418,32.171695709228516],[14.442748069763184,32.36451721191406],[13.757740020751953,32.62162780761719],[11.99848747253418,32.62162780761719],[12.075570106506348,32.75019073486328],[11.616985321044922,32.94303894042969],[11.080862045288086,32.878753662109375],[10.697933197021484,33.13589859008789],[10.468026161193848,33.13589859008789],[10.467853546142578,33.26447677612305],[9.853998184204102,33.393062591552734],[9.624162673950195,33.32876968383789],[9.546528816223145,33.52165222167969],[9.315913200378418,33.5859489440918],[9.082552909851074,34.03607940673828],[8.928751945495605,34.03607940673828],[9.003311157226562,34.3576545715332],[8.926313400268555,34.3576545715332],[8.846199035644531,34.743614196777344],[8.459360122680664,34.87228775024414],[8.228581428527832,34.80794906616211],[8.072845458984375,34.93662643432617],[7.90570592880249,35.9664192199707],[7.828200340270996,35.9664192199707],[7.902398109436035,36.2239875793457],[7.586484432220459,36.61045455932617],[6.964730262756348,36.61045455932617],[6.889261722564697,36.48161697387695],[6.421952247619629,36.5460319519043],[6.346800804138184,36.417205810546875],[5.879473686218262,36.48161697387695],[5.64937162399292,36.3527946472168],[2.774694681167603,36.417205810546875],[2.315898895263672,36.2239875793457],[2.003082513809204,36.28839111328125],[2.007985591888428,36.15959167480469],[1.15472674369812,36.15959167480469],[1.0050128698349,36.03080368041992],[0.7724329829216,36.03080368041992],[0.479281276464462,35.644527435302734],[-0.291726231575012,35.58015823364258],[-1.040199160575867,35.065311431884766],[-1.197805404663086,35.12965774536133],[-1.34586226940155,35.00096893310547],[-1.805726647377014,34.93662643432617],[-1.876264095306396,34.80794906616211],[-2.809019088745117,34.93662643432617],[-4.734359741210938,34.87228775024414],[-4.742507457733154,35.00096893310547],[-5.214126110076904,35.12965774536133],[-5.39012622833252,35.45143127441406],[-5.626549243927002,35.51579284667969],[-5.900454998016357,35.00096893310547],[-5.814547538757324,34.87228775024414],[-5.968860149383545,34.87228775024414],[-6.242210865020752,34.3576545715332],[-6.156567573547363,34.22901916503906],[-6.310484409332275,34.22901916503906],[-6.600721836090088,33.971771240234375],[-6.592004776000977,33.84315490722656],[-6.813755989074707,33.71455001831055],[-6.728268146514893,33.5859489440918],[-7.184432506561279,33.52165222167969],[-7.473525524139404,33.26447677612305],[-7.875160217285156,33.52165222167969],[-7.129902839660645,33.84315490722656],[-7.062007427215576,33.971771240234375],[-6.90380334854126,33.90746307373047],[-6.613898754119873,34.164703369140625],[-6.699729919433594,34.2933349609375],[-6.473203659057617,34.3576545715332],[-6.482059955596924,34.48630142211914],[-6.264156818389893,34.679283142089844],[-6.20477819442749,34.93662643432617],[-6.290933609008789,35.065311431884766],[-6.132044315338135,35.00096893310547],[-5.949533939361572,35.708900451660156],[-5.571314811706543,35.837650299072266],[-5.338923931121826,35.837650299072266],[-5.239750862121582,35.51579284667969],[-4.754821300506592,35.194007873535156],[-3.132419347763062,35.194007873535156],[-2.981565713882446,35.258358001708984],[-2.992615222930908,35.45143127441406],[-2.837937116622925,35.45143127441406],[-2.819781064987183,35.12965774536133],[-2.661749362945557,35.065311431884766],[-1.889582633972168,35.065311431884766],[-1.590568661689758,35.258358001708984],[-1.358735799789429,35.258358001708984],[-1.136477708816528,35.45143127441406],[-1.223541498184204,35.644527435302734],[-1.065529465675354,35.58015823364258],[-0.917115688323975,35.708900451660156],[-0.530006587505341,35.708900451660156],[-0.458719998598099,35.837650299072266],[0.083524890244007,35.837650299072266],[0.376142233610153,36.2239875793457],[0.683685302734375,36.28839111328125],[0.678023815155029,36.417205810546875],[0.913757801055908,36.3527946472168],[1.216211557388306,36.5460319519043],[1.529616475105286,36.48161697387695],[2.376901149749756,36.67487716674805],[2.690169095993042,36.61045455932617],[2.841080188751221,36.73930740356445],[3.229894161224365,36.73930740356445],[3.458978891372681,36.8681755065918],[3.850007295608521,36.80373764038086],[4.235154151916504,36.932613372802734],[4.859498500823975,36.8681755065918],[5.097836971282959,36.67487716674805],[5.56428337097168,36.67487716674805],[5.639055728912354,36.80373764038086],[6.105763912200928,36.80373764038086],[6.103042125701904,36.932613372802734],[6.333924293518066,37.06150817871094],[6.804664611816406,36.8681755065918],[7.193697929382324,36.8681755065918],[7.346271514892578,37.06150817871094],[7.502017498016357,37.06150817871094],[7.738344192504883,36.8681755065918],[8.516410827636719,36.8681755065918],[8.903155326843262,37.12596130371094],[9.05947494506836,37.06150817871094],[9.36964225769043,37.254878997802734],[9.759011268615723,37.3193473815918],[9.993423461914062,37.1904182434082],[10.226980209350586,37.254878997802734],[10.227567672729492,37.06150817871094],[10.305440902709961,37.06150817871094],[10.228352546691895,36.80373764038086]],[[10.14969539642334,37.06150817871094],[10.149913787841797,36.9970588684082],[10.227764129638672,36.9970588684082],[10.227567672729492,37.06150817871094],[10.14969539642334,37.06150817871094]],[[13.148033142089844,32.878753662109375],[13.071471214294434,32.878753662109375],[13.070935249328613,32.81447219848633],[13.147479057312012,32.81447219848633],[13.148033142089844,32.878753662109375]],[[8.904301643371582,36.9970588684082],[8.826451301574707,36.9970588684082],[8.827044486999512,36.932613372802734],[8.904873847961426,36.932613372802734],[8.904301643371582,36.9970588684082]]],[[[14.568227767944336,35.77327346801758],[14.33681869506836,35.837650299072266],[14.339592933654785,36.03080368041992],[14.417119026184082,36.03080368041992],[14.571182250976562,35.9664192199707],[14.568227767944336,35.77327346801758]]],[[[-3.850677967071533,36.80373764038086],[-4.468626022338867,36.73930740356445],[-4.688807487487793,36.5460319519043],[-5.22819709777832,36.48161697387695],[-5.287947177886963,36.2239875793457],[-5.51620626449585,36.15959167480469],[-5.584750652313232,36.03080368041992],[-5.831079006195068,36.2239875793457],[-6.063849925994873,36.2239875793457],[-6.247549057006836,36.61045455932617],[-5.917947292327881,36.3527946472168],[-5.452148914337158,36.3527946472168],[-5.305872917175293,36.48161697387695],[-5.310388565063477,36.5460319519043],[-4.555105209350586,36.8681755065918],[-3.850677967071533,36.80373764038086]]],[[[12.724225044250488,37.641746520996094],[12.490468978881836,37.706241607666016],[12.570568084716797,37.96426773071289],[12.571075439453125,38.028785705566406],[12.80629825592041,38.09331130981445],[12.724225044250488,37.641746520996094]]],[[[13.039711952209473,37.96426773071289],[13.119925498962402,38.157840728759766],[13.510433197021484,38.09331130981445],[13.509642601013184,38.028785705566406],[13.665236473083496,37.96426773071289],[13.039711952209473,37.96426773071289]]],[[[1.657540321350098,38.997230529785156],[1.430543661117554,38.80344009399414],[1.273545265197754,38.80344009399414],[1.183109045028687,39.06184005737305],[1.258725643157959,39.1264533996582],[1.337347388267517,39.1264533996582],[1.651834011077881,39.1264533996582],[1.657540321350098,38.997230529785156]]],[[[9.821690559387207,40.74397277832031],[9.823226928710938,40.355369567871094],[9.665326118469238,40.29063034057617],[9.74737548828125,39.64360046386719],[9.668553352355957,39.64360046386719],[9.592622756958008,39.1264533996582],[9.120378494262695,39.19107437133789],[8.96590518951416,38.8680305480957],[8.730334281921387,38.8680305480957],[8.336196899414062,38.997230529785156],[8.411824226379395,39.25570297241211],[8.333152770996094,39.25570297241211],[8.330102920532227,39.51427459716797],[8.40887451171875,39.51427459716797],[8.48337459564209,39.90232849121094],[8.324762344360352,39.9670295715332],[8.400031089782715,40.29063034057617],[8.32094955444336,40.29063034057617],[8.318660736083984,40.4848747253418],[8.159523010253906,40.54964065551758],[8.154606819152832,40.93837356567383],[8.552037239074707,40.873565673828125],[9.024832725524902,41.26253128051758],[9.10431957244873,41.26253128051758],[9.50210952758789,41.19768524169922],[9.821690559387207,40.74397277832031]]]]}},{"type":"Feature","properties":{"Name":"Han","FromYear":-337,"ToYear":-257,"Area":15533.517444959658,"Type":"POLITY","Wikipedia":"Han (state)","SeshatID":"","MemberOf":"(Warring States China);(Han)","Components":""},"geometry":{"type":"Polygon","coordinates":[[[113.47579956054688,35.258358001708984],[113.42180633544922,35.12965774536133],[112.1860122680664,35.12965774536133],[112.2393569946289,35.258358001708984],[112.2661361694336,35.32271194458008],[112.3199234008789,35.45143127441406],[113.09331512451172,35.45143127441406],[112.93863677978516,35.45143127441406],[112.91567993164062,35.58015823364258],[111.88277435302734,35.51579284667969],[111.59017944335938,34.614952087402344],[113.44001770019531,34.614952087402344],[113.6738052368164,34.80794906616211],[114.47205352783203,34.87228775024414],[114.4990234375,34.93662643432617],[114.47595977783203,35.065311431884766],[114.27141571044922,35.12965774536133],[113.47579956054688,35.258358001708984]]]}},{"type":"Feature","properties":{"Name":"Zhao","FromYear":-337,"ToYear":-257,"Area":51553.75125615996,"Type":"POLITY","Wikipedia":"Zhao (state)","SeshatID":"","MemberOf":"(Warring States China)","Components":""},"geometry":{"type":"Polygon","coordinates":[[[114.60979461669922,36.09519577026367],[115.3638916015625,36.73930740356445],[115.60665893554688,36.417205810546875],[116.12299346923828,36.8681755065918],[114.9074935913086,36.932613372802734],[114.94815063476562,37.1904182434082],[115.14617919921875,37.44829177856445],[114.60680389404297,37.12596130371094],[114.16897583007812,37.1904182434082],[114.1986083984375,37.254878997802734],[113.93522644042969,37.1904182434082],[113.72062683105469,37.06150817871094],[112.2818832397461,36.80373764038086],[111.97317504882812,36.09519577026367],[112.05072021484375,36.09519577026367],[111.88277435302734,35.51579284667969],[112.91567993164062,35.58015823364258],[112.93863677978516,35.45143127441406],[113.09331512451172,35.45143127441406],[113.40267181396484,35.45143127441406],[113.53009033203125,35.38706970214844],[113.47579956054688,35.258358001708984],[114.27141571044922,35.12965774536133],[114.47595977783203,35.065311431884766],[114.4990234375,34.93662643432617],[114.99391174316406,35.194007873535156],[115.07646179199219,35.38706970214844],[114.82849884033203,35.708900451660156],[114.5815200805664,36.03080368041992],[114.60979461669922,36.09519577026367]]]}},{"type":"Feature","properties":{"Name":"(Carthage)","FromYear":-337,"ToYear":-308,"Area":198873.7424123604,"Type":"POLITY","Wikipedia":"Ancient Carthage","SeshatID":"tn_carthage_emp","MemberOf":"","Components":"Carthage"},"geometry":{"type":"MultiPolygon","coordinates":[[[[10.228352546691895,36.80373764038086],[10.461837768554688,36.73930740356445],[11.006271362304688,36.9970588684082],[11.006199836730957,36.80373764038086],[10.462488174438477,36.417205810546875],[10.540250778198242,36.3527946472168],[10.463515281677246,35.902034759521484],[10.851000785827637,35.708900451660156],[10.851019859313965,35.644527435302734],[11.08318042755127,35.58015823364258],[11.083049774169922,35.38706970214844],[11.005731582641602,35.38706970214844],[11.082771301269531,35.00096893310547],[10.85119342803955,34.93662643432617],[10.851213455200195,34.80794906616211],[10.543014526367188,34.55062484741211],[10.004497528076172,34.2933349609375],[10.081672668457031,34.22901916503906],[10.005777359008789,33.90746307373047],[10.23681354522705,33.71455001831055],[10.544031143188477,33.71455001831055],[10.697741508483887,33.52165222167969],[11.081541061401367,33.5859489440918],[11.157825469970703,33.20018768310547],[11.464441299438477,33.20018768310547],[12.228955268859863,32.81447219848633],[12.612099647521973,32.878753662109375],[12.534722328186035,32.75019073486328],[12.840824127197266,32.75019073486328],[12.841785430908203,32.878753662109375],[13.301749229431152,32.94303894042969],[13.453653335571289,32.81447219848633],[13.760527610778809,32.878753662109375],[13.759129524230957,32.75019073486328],[14.065231323242188,32.75019073486328],[14.444439888000488,32.493072509765625],[14.674704551696777,32.557350158691406],[14.749334335327148,32.428794860839844],[15.055076599121094,32.428794860839844],[15.282304763793945,32.30024337768555],[15.424593925476074,31.65752601623535],[15.575982093811035,31.593257904052734],[15.64897632598877,31.40045166015625],[16.178552627563477,31.20764923095703],[16.8635196685791,31.20764923095703],[17.846824645996094,30.950578689575195],[18.222288131713867,30.757776260375977],[18.592470169067383,30.372163772583008],[18.896053314208984,30.372163772583008],[18.8135986328125,30.115081787109375],[18.58609962463379,30.115081787109375],[18.216060638427734,30.500701904296875],[17.161096572875977,30.886310577392578],[15.5686616897583,31.143381118774414],[15.19299602508545,31.464719772338867],[15.050175666809082,32.107421875],[14.899360656738281,32.23596954345703],[14.516596794128418,32.171695709228516],[14.442748069763184,32.36451721191406],[13.757740020751953,32.62162780761719],[11.99848747253418,32.62162780761719],[12.075570106506348,32.75019073486328],[11.616985321044922,32.94303894042969],[11.080862045288086,32.878753662109375],[10.697933197021484,33.13589859008789],[10.468026161193848,33.13589859008789],[10.467853546142578,33.26447677612305],[9.853998184204102,33.393062591552734],[9.624162673950195,33.32876968383789],[9.546528816223145,33.52165222167969],[9.315913200378418,33.5859489440918],[9.082552909851074,34.03607940673828],[8.928751945495605,34.03607940673828],[9.003311157226562,34.3576545715332],[8.926313400268555,34.3576545715332],[8.846199035644531,34.743614196777344],[8.459360122680664,34.87228775024414],[8.228581428527832,34.80794906616211],[8.072845458984375,34.93662643432617],[7.90570592880249,35.9664192199707],[7.828200340270996,35.9664192199707],[7.902398109436035,36.2239875793457],[7.586484432220459,36.61045455932617],[6.964730262756348,36.61045455932617],[6.889261722564697,36.48161697387695],[6.421952247619629,36.5460319519043],[6.346800804138184,36.417205810546875],[5.879473686218262,36.48161697387695],[5.64937162399292,36.3527946472168],[2.774694681167603,36.417205810546875],[2.315898895263672,36.2239875793457],[2.003082513809204,36.28839111328125],[2.007985591888428,36.15959167480469],[1.15472674369812,36.15959167480469],[1.0050128698349,36.03080368041992],[0.7724329829216,36.03080368041992],[0.479281276464462,35.644527435302734],[-0.291726231575012,35.58015823364258],[-1.040199160575867,35.065311431884766],[-1.197805404663086,35.12965774536133],[-1.34586226940155,35.00096893310547],[-1.805726647377014,34.93662643432617],[-1.876264095306396,34.80794906616211],[-2.809019088745117,34.93662643432617],[-4.734359741210938,34.87228775024414],[-4.742507457733154,35.00096893310547],[-5.214126110076904,35.12965774536133],[-5.39012622833252,35.45143127441406],[-5.626549243927002,35.51579284667969],[-5.900454998016357,35.00096893310547],[-5.814547538757324,34.87228775024414],[-5.968860149383545,34.87228775024414],[-6.242210865020752,34.3576545715332],[-6.156567573547363,34.22901916503906],[-6.310484409332275,34.22901916503906],[-6.600721836090088,33.971771240234375],[-6.592004776000977,33.84315490722656],[-6.813755989074707,33.71455001831055],[-6.728268146514893,33.5859489440918],[-7.184432506561279,33.52165222167969],[-7.473525524139404,33.26447677612305],[-7.875160217285156,33.52165222167969],[-7.129902839660645,33.84315490722656],[-7.062007427215576,33.971771240234375],[-6.90380334854126,33.90746307373047],[-6.613898754119873,34.164703369140625],[-6.699729919433594,34.2933349609375],[-6.473203659057617,34.3576545715332],[-6.482059955596924,34.48630142211914],[-6.264156818389893,34.679283142089844],[-6.20477819442749,34.93662643432617],[-6.290933609008789,35.065311431884766],[-6.132044315338135,35.00096893310547],[-5.949533939361572,35.708900451660156],[-5.571314811706543,35.837650299072266],[-5.338923931121826,35.837650299072266],[-5.239750862121582,35.51579284667969],[-4.754821300506592,35.194007873535156],[-3.132419347763062,35.194007873535156],[-2.981565713882446,35.258358001708984],[-2.992615222930908,35.45143127441406],[-2.837937116622925,35.45143127441406],[-2.819781064987183,35.12965774536133],[-2.661749362945557,35.065311431884766],[-1.889582633972168,35.065311431884766],[-1.590568661689758,35.258358001708984],[-1.358735799789429,35.258358001708984],[-1.136477708816528,35.45143127441406],[-1.223541498184204,35.644527435302734],[-1.065529465675354,35.58015823364258],[-0.917115688323975,35.708900451660156],[-0.530006587505341,35.708900451660156],[-0.458719998598099,35.837650299072266],[0.083524890244007,35.837650299072266],[0.376142233610153,36.2239875793457],[0.683685302734375,36.28839111328125],[0.678023815155029,36.417205810546875],[0.913757801055908,36.3527946472168],[1.216211557388306,36.5460319519043],[1.529616475105286,36.48161697387695],[2.376901149749756,36.67487716674805],[2.690169095993042,36.61045455932617],[2.841080188751221,36.73930740356445],[3.229894161224365,36.73930740356445],[3.458978891372681,36.8681755065918],[3.850007295608521,36.80373764038086],[4.235154151916504,36.932613372802734],[4.859498500823975,36.8681755065918],[5.097836971282959,36.67487716674805],[5.56428337097168,36.67487716674805],[5.639055728912354,36.80373764038086],[6.105763912200928,36.80373764038086],[6.103042125701904,36.932613372802734],[6.333924293518066,37.06150817871094],[6.804664611816406,36.8681755065918],[7.193697929382324,36.8681755065918],[7.346271514892578,37.06150817871094],[7.502017498016357,37.06150817871094],[7.738344192504883,36.8681755065918],[8.516410827636719,36.8681755065918],[8.903155326843262,37.12596130371094],[9.05947494506836,37.06150817871094],[9.36964225769043,37.254878997802734],[9.759011268615723,37.3193473815918],[9.993423461914062,37.1904182434082],[10.226980209350586,37.254878997802734],[10.227567672729492,37.06150817871094],[10.305440902709961,37.06150817871094],[10.228352546691895,36.80373764038086]],[[10.14969539642334,37.06150817871094],[10.149913787841797,36.9970588684082],[10.227764129638672,36.9970588684082],[10.227567672729492,37.06150817871094],[10.14969539642334,37.06150817871094]],[[13.148033142089844,32.878753662109375],[13.071471214294434,32.878753662109375],[13.070935249328613,32.81447219848633],[13.147479057312012,32.81447219848633],[13.148033142089844,32.878753662109375]],[[8.904301643371582,36.9970588684082],[8.826451301574707,36.9970588684082],[8.827044486999512,36.932613372802734],[8.904873847961426,36.932613372802734],[8.904301643371582,36.9970588684082]]],[[[14.568227767944336,35.77327346801758],[14.33681869506836,35.837650299072266],[14.339592933654785,36.03080368041992],[14.417119026184082,36.03080368041992],[14.571182250976562,35.9664192199707],[14.568227767944336,35.77327346801758]]],[[[-3.850677967071533,36.80373764038086],[-4.468626022338867,36.73930740356445],[-4.688807487487793,36.5460319519043],[-5.22819709777832,36.48161697387695],[-5.287947177886963,36.2239875793457],[-5.51620626449585,36.15959167480469],[-5.584750652313232,36.03080368041992],[-5.831079006195068,36.2239875793457],[-6.063849925994873,36.2239875793457],[-6.247549057006836,36.61045455932617],[-5.917947292327881,36.3527946472168],[-5.452148914337158,36.3527946472168],[-5.305872917175293,36.48161697387695],[-5.310388565063477,36.5460319519043],[-4.555105209350586,36.8681755065918],[-3.850677967071533,36.80373764038086]]],[[[12.724225044250488,37.641746520996094],[12.490468978881836,37.706241607666016],[12.570568084716797,37.96426773071289],[12.571075439453125,38.028785705566406],[12.80629825592041,38.09331130981445],[12.724225044250488,37.641746520996094]]],[[[13.039711952209473,37.96426773071289],[13.119925498962402,38.157840728759766],[13.510433197021484,38.09331130981445],[13.509642601013184,38.028785705566406],[13.665236473083496,37.96426773071289],[13.039711952209473,37.96426773071289]]],[[[1.657540321350098,38.997230529785156],[1.430543661117554,38.80344009399414],[1.273545265197754,38.80344009399414],[1.183109045028687,39.06184005737305],[1.258725643157959,39.1264533996582],[1.337347388267517,39.1264533996582],[1.651834011077881,39.1264533996582],[1.657540321350098,38.997230529785156]]],[[[9.821690559387207,40.74397277832031],[9.823226928710938,40.355369567871094],[9.665326118469238,40.29063034057617],[9.74737548828125,39.64360046386719],[9.668553352355957,39.64360046386719],[9.592622756958008,39.1264533996582],[9.120378494262695,39.19107437133789],[8.96590518951416,38.8680305480957],[8.730334281921387,38.8680305480957],[8.336196899414062,38.997230529785156],[8.411824226379395,39.25570297241211],[8.333152770996094,39.25570297241211],[8.330102920532227,39.51427459716797],[8.40887451171875,39.51427459716797],[8.48337459564209,39.90232849121094],[8.324762344360352,39.9670295715332],[8.400031089782715,40.29063034057617],[8.32094955444336,40.29063034057617],[8.318660736083984,40.4848747253418],[8.159523010253906,40.54964065551758],[8.154606819152832,40.93837356567383],[8.552037239074707,40.873565673828125],[9.024832725524902,41.26253128051758],[9.10431957244873,41.26253128051758],[9.50210952758789,41.19768524169922],[9.821690559387207,40.74397277832031]]]]}},{"type":"Feature","properties":{"Name":"Minyue","FromYear":-333,"ToYear":-213,"Area":376736.2918308358,"Type":"POLITY","Wikipedia":"Minyue","SeshatID":"","MemberOf":"","Components":""},"geometry":{"type":"MultiPolygon","coordinates":[[[[122.01595306396484,29.665164947509766],[121.93843078613281,29.21521759033203],[121.59313201904297,29.08665657043457],[121.74431610107422,29.08665657043457],[121.7143325805664,28.765243530273438],[121.52177429199219,28.636676788330078],[121.65211486816406,28.572391510009766],[121.64590454101562,28.315250396728516],[121.15326690673828,28.186676025390625],[121.1933822631836,28.315250396728516],[121.11795806884766,28.315250396728516],[121.03816223144531,28.058101654052734],[120.86773681640625,27.993812561035156],[120.71461486816406,27.736658096313477],[120.65725708007812,27.54378890991211],[120.73251342773438,27.54378890991211],[120.54503631591797,27.158044815063477],[120.30113983154297,27.093751907348633],[120.1715316772461,26.900876998901367],[120.1576919555664,26.57941436767578],[119.83992767333984,26.515121459960938],[119.84595489501953,26.257951736450195],[119.5870132446289,26.129364013671875],[119.77836608886719,26.000778198242188],[119.52989959716797,25.615020751953125],[119.90438079833984,25.615020751953125],[119.87213897705078,25.48643684387207],[119.46599578857422,25.357851028442383],[119.42289733886719,25.48643684387207],[119.27314758300781,25.48643684387207],[119.39114379882812,25.357851028442383],[119.34419250488281,25.164974212646484],[119.02947998046875,25.100683212280273],[119.07367706298828,24.97209930419922],[118.8191146850586,24.843517303466797],[118.75972747802734,24.586353302001953],[118.14736938476562,24.522062301635742],[118.07573699951172,24.200613021850586],[117.72126770019531,23.943456649780273],[117.69377136230469,23.814878463745117],[117.46995544433594,23.814878463745117],[117.1788330078125,23.493436813354492],[116.8938980102539,23.557723999023438],[116.7796401977539,23.36486053466797],[116.81497955322266,23.171995162963867],[116.59144592285156,23.171995162963867],[116.54004669189453,22.914846420288086],[115.69562530517578,22.786272048950195],[115.67061614990234,22.657697677612305],[115.37285614013672,22.657697677612305],[115.17442321777344,22.786272048950195],[114.90156555175781,22.529123306274414],[114.75272369384766,22.529123306274414],[114.7401351928711,22.85055923461914],[114.9015884399414,22.914846420288086],[114.44620513916016,23.622013092041016],[114.54705810546875,24.457773208618164],[114.47235870361328,24.457773208618164],[114.72026062011719,25.229267120361328],[114.660400390625,25.29355812072754],[114.85556030273438,25.48643684387207],[115.22809600830078,26.386537551879883],[114.96107482910156,26.515121459960938],[115.0283432006836,26.772293090820312],[114.95323181152344,26.772293090820312],[115.33468627929688,28.893810272216797],[115.25914001464844,28.893810272216797],[115.64249420166016,29.857990264892578],[115.80384063720703,30.115081787109375],[116.05300903320312,30.179353713989258],[116.12885284423828,30.179353713989258],[116.27002716064453,29.922264099121094],[116.73638153076172,29.729440689086914],[118.35970306396484,29.600887298583984],[119.70256042480469,29.986536026000977],[120.5205078125,30.372163772583008],[120.72529602050781,30.307893753051758],[120.70248413085938,30.243623733520508],[120.80880737304688,30.115081787109375],[121.10469055175781,30.307893753051758],[121.48409271240234,30.307893753051758],[121.6202392578125,30.050809860229492],[122.02978515625,29.922264099121094],[121.864501953125,29.665164947509766],[121.94023132324219,29.665164947509766],[122.01595306396484,29.665164947509766]]],[[[122.04503631591797,30.179353713989258],[122.2725830078125,30.179353713989258],[122.27982330322266,29.986536026000977],[121.97661590576172,29.986536026000977],[122.02213287353516,30.115081787109375],[122.04503631591797,30.179353713989258]]]]}},{"type":"Feature","properties":{"Name":"Chu","FromYear":-333,"ToYear":-316,"Area":563297.1438015896,"Type":"POLITY","Wikipedia":"Chu (state)","SeshatID":"cn_chu_k_warring_states","MemberOf":"(Chu);(Warring States China)","Components":""},"geometry":{"type":"Polygon","coordinates":[[[119.88642120361328,34.55062484741211],[119.98465728759766,34.42197799682617],[120.3418197631836,34.3576545715332],[120.48936462402344,34.164703369140625],[120.55045318603516,33.5859489440918],[120.92630004882812,33.20018768310547],[120.91920471191406,32.62162780761719],[121.40264892578125,32.493072509765625],[121.50330352783203,32.171695709228516],[121.9613265991211,31.978878021240234],[121.93677520751953,31.7217960357666],[121.83556365966797,31.65752601623535],[121.30052947998047,31.8503360748291],[120.91914367675781,31.8503360748291],[121.45442962646484,31.65752601623535],[121.48112487792969,31.528987884521484],[121.63350677490234,31.528987884521484],[121.58425903320312,31.40045166015625],[121.73657989501953,31.40045166015625],[121.99526977539062,31.079113006591797],[121.89926147460938,30.822044372558594],[121.51921844482422,30.822044372558594],[120.8011703491211,30.307893753051758],[120.72529602050781,30.307893753051758],[120.5205078125,30.372163772583008],[119.70256042480469,29.986536026000977],[118.35970306396484,29.600887298583984],[116.73638153076172,29.729440689086914],[116.27002716064453,29.922264099121094],[116.12885284423828,30.179353713989258],[116.15062713623047,30.243623733520508],[116.1185531616211,30.372163772583008],[115.68511199951172,30.436433792114258],[115.20780181884766,30.372163772583008],[114.87193298339844,30.500701904296875],[114.11265563964844,30.500701904296875],[113.95056915283203,30.243623733520508],[113.58361053466797,30.050809860229492],[113.26678466796875,29.536611557006836],[112.90369415283203,29.34377670288086],[111.99589538574219,29.34377670288086],[111.80860900878906,29.472333908081055],[111.29871368408203,29.536611557006836],[110.66183471679688,29.922264099121094],[110.22734069824219,29.986536026000977],[110.4056167602539,30.307893753051758],[109.91582489013672,30.436433792114258],[109.4763412475586,30.950578689575195],[109.48612213134766,31.20764923095703],[109.35553741455078,31.271915435791016],[109.4751968383789,31.40045166015625],[109.3124771118164,31.593257904052734],[109.62882995605469,32.493072509765625],[109.55238342285156,32.493072509765625],[109.81649017333984,33.00732421875],[109.71090698242188,33.13589859008789],[109.78289031982422,33.32876968383789],[110.21489715576172,33.45735549926758],[110.21150970458984,33.65024948120117],[110.49124145507812,33.77885055541992],[110.54092407226562,33.90746307373047],[110.38719940185547,33.90746307373047],[110.51399993896484,34.03607940673828],[110.23139953613281,34.10039138793945],[110.0241470336914,34.3576545715332],[109.66434478759766,34.42197799682617],[109.7149429321289,34.55062484741211],[109.56082916259766,34.55062484741211],[109.58619689941406,34.614952087402344],[110.2798080444336,34.80794906616211],[111.59017944335938,34.614952087402344],[113.44001770019531,34.614952087402344],[113.6738052368164,34.80794906616211],[114.47205352783203,34.87228775024414],[114.34123229980469,34.743614196777344],[114.64656829833984,34.55062484741211],[115.49419403076172,34.55062484741211],[115.59467315673828,34.42197799682617],[116.1069564819336,34.3576545715332],[116.61572265625,34.10039138793945],[117.2310791015625,34.10039138793945],[117.51571655273438,34.22901916503906],[117.7238998413086,34.3576545715332],[117.96569061279297,34.743614196777344],[119.00927734375,35.708900451660156],[119.5323257446289,35.837650299072266],[120.04512786865234,35.77327346801758],[120.01576232910156,35.708900451660156],[119.61874389648438,35.51579284667969],[119.22760772705078,34.80794906616211],[119.45901489257812,34.80794906616211],[119.80936431884766,34.55062484741211],[119.88642120361328,34.55062484741211]]]}},{"type":"Feature","properties":{"Name":"(Chu)","FromYear":-333,"ToYear":-316,"Area":563297.1438015896,"Type":"POLITY","Wikipedia":"Chu (state)","SeshatID":"cn_chu_k_warring_states","MemberOf":"(Warring States China)","Components":"Chu"},"geometry":{"type":"Polygon","coordinates":[[[119.88642120361328,34.55062484741211],[119.98465728759766,34.42197799682617],[120.3418197631836,34.3576545715332],[120.48936462402344,34.164703369140625],[120.55045318603516,33.5859489440918],[120.92630004882812,33.20018768310547],[120.91920471191406,32.62162780761719],[121.40264892578125,32.493072509765625],[121.50330352783203,32.171695709228516],[121.9613265991211,31.978878021240234],[121.93677520751953,31.7217960357666],[121.83556365966797,31.65752601623535],[121.30052947998047,31.8503360748291],[120.91914367675781,31.8503360748291],[121.45442962646484,31.65752601623535],[121.48112487792969,31.528987884521484],[121.63350677490234,31.528987884521484],[121.58425903320312,31.40045166015625],[121.73657989501953,31.40045166015625],[121.99526977539062,31.079113006591797],[121.89926147460938,30.822044372558594],[121.51921844482422,30.822044372558594],[120.8011703491211,30.307893753051758],[120.72529602050781,30.307893753051758],[120.5205078125,30.372163772583008],[119.70256042480469,29.986536026000977],[118.35970306396484,29.600887298583984],[116.73638153076172,29.729440689086914],[116.27002716064453,29.922264099121094],[116.12885284423828,30.179353713989258],[116.15062713623047,30.243623733520508],[116.1185531616211,30.372163772583008],[115.68511199951172,30.436433792114258],[115.20780181884766,30.372163772583008],[114.87193298339844,30.500701904296875],[114.11265563964844,30.500701904296875],[113.95056915283203,30.243623733520508],[113.58361053466797,30.050809860229492],[113.26678466796875,29.536611557006836],[112.90369415283203,29.34377670288086],[111.99589538574219,29.34377670288086],[111.80860900878906,29.472333908081055],[111.29871368408203,29.536611557006836],[110.66183471679688,29.922264099121094],[110.22734069824219,29.986536026000977],[110.4056167602539,30.307893753051758],[109.91582489013672,30.436433792114258],[109.4763412475586,30.950578689575195],[109.48612213134766,31.20764923095703],[109.35553741455078,31.271915435791016],[109.4751968383789,31.40045166015625],[109.3124771118164,31.593257904052734],[109.62882995605469,32.493072509765625],[109.55238342285156,32.493072509765625],[109.81649017333984,33.00732421875],[109.71090698242188,33.13589859008789],[109.78289031982422,33.32876968383789],[110.21489715576172,33.45735549926758],[110.21150970458984,33.65024948120117],[110.49124145507812,33.77885055541992],[110.54092407226562,33.90746307373047],[110.38719940185547,33.90746307373047],[110.51399993896484,34.03607940673828],[110.23139953613281,34.10039138793945],[110.0241470336914,34.3576545715332],[109.66434478759766,34.42197799682617],[109.7149429321289,34.55062484741211],[109.56082916259766,34.55062484741211],[109.58619689941406,34.614952087402344],[110.2798080444336,34.80794906616211],[111.59017944335938,34.614952087402344],[113.44001770019531,34.614952087402344],[113.6738052368164,34.80794906616211],[114.47205352783203,34.87228775024414],[114.34123229980469,34.743614196777344],[114.64656829833984,34.55062484741211],[115.49419403076172,34.55062484741211],[115.59467315673828,34.42197799682617],[116.1069564819336,34.3576545715332],[116.61572265625,34.10039138793945],[117.2310791015625,34.10039138793945],[117.51571655273438,34.22901916503906],[117.7238998413086,34.3576545715332],[117.96569061279297,34.743614196777344],[119.00927734375,35.708900451660156],[119.5323257446289,35.837650299072266],[120.04512786865234,35.77327346801758],[120.01576232910156,35.708900451660156],[119.61874389648438,35.51579284667969],[119.22760772705078,34.80794906616211],[119.45901489257812,34.80794906616211],[119.80936431884766,34.55062484741211],[119.88642120361328,34.55062484741211]]]}},{"type":"Feature","properties":{"Name":"Cyrenaica","FromYear":-331,"ToYear":-292,"Area":30697.163878575964,"Type":"POLITY","Wikipedia":"Cyrenaica","SeshatID":"","MemberOf":"","Components":""},"geometry":{"type":"Polygon","coordinates":[[[22.455829620361328,32.107421875],[23.066604614257812,32.107421875],[23.230775833129883,32.36451721191406],[23.080799102783203,32.428794860839844],[23.089431762695312,32.62162780761719],[22.108469009399414,32.94303894042969],[21.569839477539062,32.878753662109375],[21.41167449951172,32.75019073486328],[21.108016967773438,32.81447219848633],[20.87124252319336,32.62162780761719],[20.644094467163086,32.685909271240234],[20.71593475341797,32.557350158691406],[20.562992095947266,32.557350158691406],[20.481992721557617,32.428794860839844],[20.33134651184082,32.493072509765625],[20.246112823486328,32.23596954345703],[20.016965866088867,32.23596954345703],[20.089075088500977,32.107421875],[19.996076583862305,31.593257904052734],[20.214296340942383,31.271915435791016],[20.122089385986328,30.757776260375977],[19.50142478942871,30.307893753051758],[18.894386291503906,30.307893753051758],[18.73456573486328,29.986536026000977],[19.571928024291992,30.115081787109375],[20.658233642578125,30.886310577392578],[20.44478416442871,31.336183547973633],[20.54048728942871,31.91460609436035],[21.155561447143555,32.043148040771484],[21.534757614135742,31.978878021240234],[21.692359924316406,32.107421875],[22.37948226928711,32.107421875],[22.455829620361328,32.107421875]]]}},{"type":"Feature","properties":{"Name":"Etruscans","FromYear":-326,"ToYear":-292,"Area":31378.96152026942,"Type":"POLITY","Wikipedia":"Etruscan civilization","SeshatID":"","MemberOf":"","Components":""},"geometry":{"type":"MultiPolygon","coordinates":[[[[9.331360816955566,43.016544342041016],[9.491888999938965,43.016544342041016],[9.49340534210205,42.75628662109375],[9.5735502243042,42.75628662109375],[9.577608108520508,41.97637939453125],[9.497812271118164,41.97637939453125],[9.49889087677002,41.781593322753906],[9.262411117553711,41.39224624633789],[9.1038236618042,41.32738494873047],[8.783942222595215,41.521995544433594],[8.782108306884766,41.71668243408203],[8.622743606567383,41.71668243408203],[8.700496673583984,41.911441802978516],[8.538846015930176,42.10627746582031],[8.534564018249512,42.496177673339844],[8.772740364074707,42.691246032714844],[9.17282485961914,42.75628662109375],[9.251097679138184,43.016544342041016],[9.331360816955566,43.016544342041016]]],[[[10.45510196685791,42.88639831542969],[10.455166816711426,42.691246032714844],[10.21481990814209,42.691246032714844],[10.134284973144531,42.88639831542969],[10.214488983154297,42.88639831542969],[10.45510196685791,42.88639831542969]]],[[[12.3800048828125,42.88639831542969],[12.379316329956055,42.82133865356445],[12.37862777709961,42.75628662109375],[12.138193130493164,42.75628662109375],[12.13580322265625,42.496177673339844],[12.375885963439941,42.496177673339844],[12.375204086303711,42.43117141723633],[12.374523162841797,42.36617660522461],[11.895214080810547,42.43117141723633],[11.974142074584961,42.30118942260742],[11.813313484191895,42.17123794555664],[11.733430862426758,42.17123794555664],[11.654799461364746,42.36617660522461],[11.494501113891602,42.30118942260742],[11.415224075317383,42.43117141723633],[11.255227088928223,42.43117141723633],[11.175962448120117,42.62621307373047],[11.015789985656738,42.62621307373047],[11.01634693145752,42.82133865356445],[10.535322189331055,43.08163070678711],[10.293390274047852,43.79821014404297],[11.824822425842285,43.73301696777344],[11.825298309326172,43.79821014404297],[12.306416511535645,43.53750228881836],[12.300460815429688,42.95146560668945],[12.380695343017578,42.95146560668945],[12.3800048828125,42.88639831542969]]]]}},{"type":"Feature","properties":{"Name":"Qin","FromYear":-326,"ToYear":-316,"Area":90260.58921881905,"Type":"POLITY","Wikipedia":"Qin (state)","SeshatID":"","MemberOf":"(Warring States China)","Components":""},"geometry":{"type":"Polygon","coordinates":[[[111.88277435302734,35.51579284667969],[112.05072021484375,36.09519577026367],[111.97317504882812,36.09519577026367],[112.2818832397461,36.80373764038086],[113.72062683105469,37.06150817871094],[113.93522644042969,37.1904182434082],[113.91649627685547,37.3193473815918],[113.63429260253906,37.38381576538086],[113.77981567382812,38.028785705566406],[113.70160675048828,38.028785705566406],[113.88731384277344,38.416015625],[114.35895538330078,38.738853454589844],[114.80831146240234,39.320335388183594],[114.33613586425781,39.320335388183594],[114.27063751220703,39.19107437133789],[114.11334228515625,39.19107437133789],[114.08081817626953,39.1264533996582],[111.4337158203125,36.9970588684082],[109.65463256835938,36.48161697387695],[108.78959655761719,35.708900451660156],[108.22152709960938,35.644527435302734],[108.16950988769531,35.51579284667969],[108.34974670410156,35.38706970214844],[108.2981948852539,35.258358001708984],[108.45275115966797,35.258358001708984],[108.24773406982422,34.93662643432617],[109.22543334960938,34.87228775024414],[109.25155639648438,34.743614196777344],[109.50911712646484,34.614952087402344],[109.58619689941406,34.614952087402344],[110.2798080444336,34.80794906616211],[111.59017944335938,34.614952087402344],[111.88277435302734,35.51579284667969]]]}},{"type":"Feature","properties":{"Name":"Wei","FromYear":-326,"ToYear":-292,"Area":86264.95958917795,"Type":"POLITY","Wikipedia":"Wei (state)","SeshatID":"cn_wei_dyn_warring_states","MemberOf":"(Warring States China)","Components":""},"geometry":{"type":"Polygon","coordinates":[[[115.29240417480469,40.0964469909668],[115.15935516357422,40.29063034057617],[114.5267105102539,40.29063034057617],[114.5962142944336,40.42012023925781],[113.0926742553711,40.42012023925781],[112.74192810058594,40.355369567871094],[112.1113052368164,39.90232849121094],[112.23601531982422,39.8376350402832],[112.17009735107422,39.70827102661133],[113.11627197265625,39.70827102661133],[113.08319091796875,39.64360046386719],[113.80511474609375,39.51427459716797],[113.77214050292969,39.449623107910156],[113.92963409423828,39.449623107910156],[113.89673614501953,39.38497543334961],[114.0541763305664,39.38497543334961],[114.14598083496094,39.25570297241211],[114.11334228515625,39.19107437133789],[114.27063751220703,39.19107437133789],[114.33613586425781,39.320335388183594],[114.80831146240234,39.320335388183594],[114.35895538330078,38.738853454589844],[113.88731384277344,38.416015625],[113.70160675048828,38.028785705566406],[113.77981567382812,38.028785705566406],[113.63429260253906,37.38381576538086],[113.91649627685547,37.3193473815918],[113.93522644042969,37.1904182434082],[114.1986083984375,37.254878997802734],[114.16897583007812,37.1904182434082],[114.60680389404297,37.12596130371094],[115.14617919921875,37.44829177856445],[114.94815063476562,37.1904182434082],[114.9074935913086,36.932613372802734],[116.12299346923828,36.8681755065918],[116.61474609375,37.254878997802734],[117.19712829589844,38.60969924926758],[117.11869812011719,38.60969924926758],[117.04027557373047,38.60969924926758],[117.0077896118164,38.54513168334961],[116.92938995361328,38.54513168334961],[116.85098266601562,38.54513168334961],[116.1453628540039,38.54513168334961],[116.39930725097656,38.738853454589844],[116.16387939453125,38.738853454589844],[116.2618408203125,38.93262481689453],[116.09193420410156,39.06184005737305],[116.1009292602539,39.38497543334961],[115.8647689819336,39.38497543334961],[116.10205078125,39.8376350402832],[116.02315521240234,39.8376350402832],[115.54975891113281,39.8376350402832],[115.37140655517578,40.0964469909668],[115.29240417480469,40.0964469909668]]]}},{"type":"Feature","properties":{"Name":"(Warring States China)","FromYear":-326,"ToYear":-316,"Area":1032913.2849027981,"Type":"POLITY","Wikipedia":"Warring States Period","SeshatID":"","MemberOf":"","Components":"Wey;(Chu);Zhongshan;(Han);Chu;Wei;Later Zhou;Lu;Han;Qin;Qi;Song;Xu;Yan;Zhao"},"geometry":{"type":"Polygon","coordinates":[[[120.48936462402344,34.164703369140625],[120.55045318603516,33.5859489440918],[120.92630004882812,33.20018768310547],[120.91920471191406,32.62162780761719],[121.40264892578125,32.493072509765625],[121.50330352783203,32.171695709228516],[121.9613265991211,31.978878021240234],[121.93677520751953,31.7217960357666],[121.83556365966797,31.65752601623535],[121.30052947998047,31.8503360748291],[120.91914367675781,31.8503360748291],[121.45442962646484,31.65752601623535],[121.48112487792969,31.528987884521484],[121.63350677490234,31.528987884521484],[121.58425903320312,31.40045166015625],[121.73657989501953,31.40045166015625],[121.99526977539062,31.079113006591797],[121.89926147460938,30.822044372558594],[121.51921844482422,30.822044372558594],[120.8011703491211,30.307893753051758],[120.72529602050781,30.307893753051758],[120.5205078125,30.372163772583008],[119.70256042480469,29.986536026000977],[118.35970306396484,29.600887298583984],[116.73638153076172,29.729440689086914],[116.27002716064453,29.922264099121094],[116.12885284423828,30.179353713989258],[116.15062713623047,30.243623733520508],[116.1185531616211,30.372163772583008],[115.68511199951172,30.436433792114258],[115.20780181884766,30.372163772583008],[114.87193298339844,30.500701904296875],[114.11265563964844,30.500701904296875],[113.95056915283203,30.243623733520508],[113.58361053466797,30.050809860229492],[113.26678466796875,29.536611557006836],[112.90369415283203,29.34377670288086],[111.99589538574219,29.34377670288086],[111.80860900878906,29.472333908081055],[111.29871368408203,29.536611557006836],[110.66183471679688,29.922264099121094],[110.22734069824219,29.986536026000977],[110.4056167602539,30.307893753051758],[109.91582489013672,30.436433792114258],[109.4763412475586,30.950578689575195],[109.48612213134766,31.20764923095703],[109.35553741455078,31.271915435791016],[109.4751968383789,31.40045166015625],[109.3124771118164,31.593257904052734],[109.62882995605469,32.493072509765625],[109.55238342285156,32.493072509765625],[109.81649017333984,33.00732421875],[109.71090698242188,33.13589859008789],[109.78289031982422,33.32876968383789],[110.21489715576172,33.45735549926758],[110.21150970458984,33.65024948120117],[110.49124145507812,33.77885055541992],[110.54092407226562,33.90746307373047],[110.38719940185547,33.90746307373047],[110.51399993896484,34.03607940673828],[110.23139953613281,34.10039138793945],[110.0241470336914,34.3576545715332],[109.66434478759766,34.42197799682617],[109.7149429321289,34.55062484741211],[109.56082916259766,34.55062484741211],[109.58619689941406,34.614952087402344],[109.50911712646484,34.614952087402344],[109.25155639648438,34.743614196777344],[109.22543334960938,34.87228775024414],[108.24773406982422,34.93662643432617],[108.45275115966797,35.258358001708984],[108.2981948852539,35.258358001708984],[108.34974670410156,35.38706970214844],[108.16950988769531,35.51579284667969],[108.22152709960938,35.644527435302734],[108.78959655761719,35.708900451660156],[109.65463256835938,36.48161697387695],[111.4337158203125,36.9970588684082],[114.08081817626953,39.1264533996582],[114.11334228515625,39.19107437133789],[114.14598083496094,39.25570297241211],[114.0541763305664,39.38497543334961],[113.89673614501953,39.38497543334961],[113.92963409423828,39.449623107910156],[113.77214050292969,39.449623107910156],[113.80511474609375,39.51427459716797],[113.08319091796875,39.64360046386719],[113.11627197265625,39.70827102661133],[112.17009735107422,39.70827102661133],[112.23601531982422,39.8376350402832],[112.1113052368164,39.90232849121094],[112.74192810058594,40.355369567871094],[113.0926742553711,40.42012023925781],[114.5962142944336,40.42012023925781],[114.5267105102539,40.29063034057617],[115.15935516357422,40.29063034057617],[115.29240417480469,40.0964469909668],[115.37140655517578,40.0964469909668],[115.54975891113281,39.8376350402832],[116.02315521240234,39.8376350402832],[116.10205078125,39.8376350402832],[116.1364517211914,39.90232849121094],[116.45215606689453,39.90232849121094],[116.95145416259766,40.0964469909668],[117.03045654296875,40.0964469909668],[117.06563568115234,40.16116714477539],[117.5674819946289,40.355369567871094],[119.34424591064453,40.42012023925781],[121.22704315185547,40.93837356567383],[120.64734649658203,40.4848747253418],[120.50029754638672,40.225894927978516],[119.38044738769531,39.77294921875],[119.3191146850586,39.51427459716797],[119.28438568115234,39.449623107910156],[118.98941802978516,39.19107437133789],[118.44984436035156,39.06184005737305],[118.0568618774414,39.06184005737305],[118.04566192626953,39.19107437133789],[117.88837432861328,39.19107437133789],[117.67569732666016,38.93262481689453],[117.62202453613281,38.67427444458008],[117.60245513916016,38.48057174682617],[118.05360412597656,38.28691864013672],[118.06742095947266,38.157840728759766],[118.58300018310547,38.09331130981445],[118.64759826660156,38.22237777709961],[118.80416870117188,38.22237777709961],[118.77176666259766,38.157840728759766],[119.13066101074219,38.09331130981445],[119.20889282226562,38.09331130981445],[119.17657470703125,38.028785705566406],[119.4571304321289,37.96426773071289],[119.3928451538086,37.835243225097656],[119.23655700683594,37.835243225097656],[118.98403930664062,37.3193473815918],[119.13996124267578,37.3193473815918],[119.15568542480469,37.1904182434082],[119.70111083984375,37.1904182434082],[119.82661437988281,37.44829177856445],[120.20220184326172,37.5772590637207],[120.18807220458984,37.706241607666016],[120.75377655029297,37.89975357055664],[121.11202239990234,37.835243225097656],[121.17103576660156,37.641746520996094],[121.48333740234375,37.641746520996094],[121.49687957763672,37.51277160644531],[122.15351867675781,37.5772590637207],[122.1211166381836,37.51277160644531],[122.71288299560547,37.44829177856445],[122.44239044189453,37.06150817871094],[122.56636810302734,36.9970588684082],[122.50314331054688,36.8681755065918],[122.16053771972656,36.80373764038086],[122.14556121826172,36.932613372802734],[121.91207885742188,36.932613372802734],[121.21208190917969,36.61045455932617],[120.97892761230469,36.61045455932617],[120.96481323242188,36.417205810546875],[120.73184967041016,36.417205810546875],[120.65852355957031,36.09519577026367],[120.31848907470703,36.03080368041992],[120.07456970214844,35.837650299072266],[120.04512786865234,35.77327346801758],[120.01576232910156,35.708900451660156],[119.61874389648438,35.51579284667969],[119.22760772705078,34.80794906616211],[119.45901489257812,34.80794906616211],[119.80936431884766,34.55062484741211],[119.88642120361328,34.55062484741211],[119.98465728759766,34.42197799682617],[120.3418197631836,34.3576545715332],[120.48936462402344,34.164703369140625]]]}},{"type":"Feature","properties":{"Name":"Epirote League","FromYear":-323,"ToYear":-316,"Area":13259.786270236065,"Type":"GROUP","Wikipedia":"Epirote League","SeshatID":"","MemberOf":"","Components":""},"geometry":{"type":"MultiPolygon","coordinates":[[[[20.151897430419922,39.64360046386719],[20.148855209350586,39.57893371582031],[20.070056915283203,39.57893371582031],[20.073074340820312,39.64360046386719],[20.151897430419922,39.64360046386719]]],[[[21.068151473999023,39.06184005737305],[20.67827796936035,39.1264533996582],[20.29724884033203,39.38497543334961],[20.15495491027832,39.70827102661133],[19.918411254882812,39.70827102661133],[20.009418487548828,39.9670295715332],[19.62952995300293,40.29063034057617],[19.47136878967285,40.29063034057617],[19.48629379272461,40.614410400390625],[19.2486515045166,40.614410400390625],[19.254547119140625,40.74397277832031],[19.33381462097168,40.74397277832031],[19.733280181884766,40.80876541137695],[20.189504623413086,40.42012023925781],[20.42690658569336,40.42012023925781],[20.492856979370117,40.16116714477539],[20.805606842041016,40.0964469909668],[21.091083526611328,39.51427459716797],[21.471250534057617,39.25570297241211],[21.14674949645996,39.06184005737305],[21.068151473999023,39.06184005737305]]]]}},{"type":"Feature","properties":{"Name":"Oxyartes","FromYear":-323,"ToYear":-308,"Area":148981.29783338847,"Type":"LEADER","Wikipedia":"Oxyartes","SeshatID":"gr_macedonian_emp","MemberOf":"(Macedonian Empire)","Components":""},"geometry":{"type":"Polygon","coordinates":[[[72.55420684814453,37.44829177856445],[72.1396484375,37.641746520996094],[72.09748840332031,37.7707405090332],[71.94124603271484,37.7707405090332],[71.77897644042969,38.028785705566406],[71.3639907836914,38.22237777709961],[71.20214080810547,38.48057174682617],[70.96700286865234,38.48057174682617],[70.88862609863281,38.48057174682617],[70.2146987915039,38.028785705566406],[70.16192626953125,37.835243225097656],[70.26583862304688,37.641746520996094],[70.07515716552734,37.51277160644531],[69.45091247558594,37.51277160644531],[69.3497543334961,37.12596130371094],[69.1160659790039,37.12596130371094],[69.0102767944336,37.3193473815918],[68.7763900756836,37.3193473815918],[67.97682189941406,36.932613372802734],[66.57542419433594,36.61045455932617],[66.54444122314453,36.48161697387695],[66.62211608886719,36.48161697387695],[66.48304748535156,36.2239875793457],[67.10376739501953,36.2239875793457],[67.24625396728516,35.51579284667969],[67.72557067871094,35.58015823364258],[68.5767593383789,35.58015823364258],[69.22705078125,35.708900451660156],[69.75321197509766,35.644527435302734],[69.93972778320312,35.77327346801758],[72.46224975585938,35.644527435302734],[73.39105987548828,35.644527435302734],[73.40782928466797,35.708900451660156],[73.4852523803711,35.708900451660156],[73.46846008300781,35.644527435302734],[73.45172119140625,35.58015823364258],[73.52909851074219,35.58015823364258],[73.54586029052734,35.644527435302734],[73.62326049804688,35.644527435302734],[73.7006607055664,35.644527435302734],[73.77806091308594,35.644527435302734],[73.85546875,35.644527435302734],[73.838623046875,35.58015823364258],[75.18009948730469,35.38706970214844],[75.19717407226562,35.45143127441406],[74.95799255371094,36.28839111328125],[74.88037872314453,36.28839111328125],[74.89138793945312,36.61045455932617],[74.81366729736328,36.61045455932617],[74.8438720703125,36.9970588684082],[75.01336669921875,37.3193473815918],[74.73841094970703,37.44829177856445],[74.1923599243164,37.44829177856445],[73.7659683227539,37.3193473815918],[73.74256134033203,37.51277160644531],[73.16024017333984,37.38381576538086],[72.63221740722656,37.44829177856445],[72.55420684814453,37.44829177856445]],[[72.8218002319336,35.837650299072266],[72.8992691040039,35.837650299072266],[72.8825454711914,35.77327346801758],[72.80510711669922,35.77327346801758],[72.8218002319336,35.837650299072266]]]}},{"type":"Feature","properties":{"Name":"Asander","FromYear":-323,"ToYear":-316,"Area":20862.557097198376,"Type":"LEADER","Wikipedia":"Asander","SeshatID":"gr_macedonian_emp","MemberOf":"(Macedonian Empire)","Components":""},"geometry":{"type":"Polygon","coordinates":[[[28.512718200683594,36.8681755065918],[29.119813919067383,36.67487716674805],[29.114727020263672,36.61045455932617],[29.596742630004883,36.80373764038086],[29.61259651184082,36.9970588684082],[29.462169647216797,37.06150817871094],[29.53792953491211,37.96426773071289],[28.896411895751953,37.7707405090332],[28.583927154541016,37.7707405090332],[28.359882354736328,37.89975357055664],[27.18254852294922,37.835243225097656],[27.177743911743164,37.7707405090332],[27.2558650970459,37.7707405090332],[27.16343116760254,37.5772590637207],[27.309988021850586,37.44829177856445],[27.22254180908203,37.3193473815918],[27.53919219970703,37.38381576538086],[27.597978591918945,37.12596130371094],[28.138330459594727,37.06150817871094],[28.03143882751465,36.67487716674805],[28.434911727905273,36.8681755065918],[28.512718200683594,36.8681755065918]],[[29.36859130859375,36.8681755065918],[29.44639778137207,36.8681755065918],[29.441173553466797,36.80373764038086],[29.36338996887207,36.80373764038086],[29.36859130859375,36.8681755065918]]]}},{"type":"Feature","properties":{"Name":"Kingdom of Bithynia","FromYear":-323,"ToYear":-302,"Area":14787.844402911138,"Type":"POLITY","Wikipedia":"Kingdom of Bithynia","SeshatID":"","MemberOf":"","Components":""},"geometry":{"type":"Polygon","coordinates":[[[30.88623046875,40.54964065551758],[31.196033477783203,40.4848747253418],[31.714021682739258,40.873565673828125],[32.11802673339844,40.93837356567383],[32.125450134277344,41.00318908691406],[32.14037322998047,41.132843017578125],[32.29923629760742,41.132843017578125],[32.26532745361328,41.521995544433594],[32.04172897338867,41.65177917480469],[32.02653121948242,41.521995544433594],[31.7006893157959,41.45711898803711],[31.693260192871094,41.39224624633789],[31.685855865478516,41.32738494873047],[31.67847442626953,41.26253128051758],[31.598987579345703,41.26253128051758],[31.591657638549805,41.19768524169922],[31.51219940185547,41.19768524169922],[31.432741165161133,41.19768524169922],[31.353282928466797,41.19768524169922],[31.346059799194336,41.132843017578125],[30.62422752380371,41.06801223754883],[30.47923469543457,41.19768524169922],[29.366811752319336,41.19768524169922],[29.24864959716797,40.80876541137695],[29.486534118652344,40.80876541137695],[29.480079650878906,40.74397277832031],[30.807043075561523,40.54964065551758],[30.88623046875,40.54964065551758]]]}},{"type":"Feature","properties":{"Name":"Peithon (son of Agenor)","FromYear":-323,"ToYear":-316,"Area":231506.78563748696,"Type":"LEADER","Wikipedia":"Peithon (son of Agenor)","SeshatID":"gr_macedonian_emp","MemberOf":"(Macedonian Empire)","Components":""},"geometry":{"type":"Polygon","coordinates":[[[68.42479705810547,23.557723999023438],[68.12652587890625,23.557723999023438],[68.14812469482422,23.75058937072754],[68.15538787841797,23.814878463745117],[68.0807876586914,23.814878463745117],[67.63314819335938,23.814878463745117],[67.49114990234375,23.879167556762695],[67.43836975097656,24.07203483581543],[67.28907775878906,24.07203483581543],[67.32612609863281,24.393482208251953],[67.25143432617188,24.393482208251953],[67.2146987915039,24.714935302734375],[66.63204956054688,24.843517303466797],[66.61225891113281,25.29355812072754],[66.62029266357422,25.357851028442383],[66.82772827148438,25.807899475097656],[66.93203735351562,26.57941436767578],[67.2592544555664,27.2866268157959],[67.27169036865234,27.865236282348633],[67.34701538085938,27.865236282348633],[67.85413360595703,29.986536026000977],[68.5079116821289,30.243623733520508],[69.20279693603516,30.307893753051758],[70.41687774658203,30.307893753051758],[71.0490493774414,30.436433792114258],[72.55437469482422,30.372163772583008],[72.54151916503906,30.307893753051758],[72.61740112304688,30.307893753051758],[72.69327545166016,30.307893753051758],[72.6804428100586,30.243623733520508],[72.75630950927734,30.243623733520508],[73.2615966796875,30.115081787109375],[73.2360610961914,29.986536026000977],[73.3622817993164,29.857990264892578],[73.41285705566406,29.729440689086914],[72.9877700805664,29.08665657043457],[72.38854217529297,28.700960159301758],[71.88823699951172,27.993812561035156],[71.64061737060547,27.865236282348633],[70.71566009521484,27.736658096313477],[70.73670196533203,27.865236282348633],[70.54254150390625,28.058101654052734],[70.39180755615234,28.058101654052734],[70.00714874267578,27.54378890991211],[69.84648132324219,27.4794979095459],[69.53202056884766,26.900876998901367],[69.20295715332031,26.70800018310547],[68.9971694946289,26.32224464416504],[68.80467987060547,24.264904022216797],[68.79707336425781,24.200613021850586],[68.78950500488281,24.136323928833008],[68.78197479248047,24.07203483581543],[68.77449035644531,24.00774574279785],[68.76703643798828,23.943456649780273],[68.84165954589844,23.943456649780273],[68.83423614501953,23.879167556762695],[68.7596206665039,23.879167556762695],[68.75223541259766,23.814878463745117],[68.6776351928711,23.814878463745117],[68.67029571533203,23.75058937072754],[68.595703125,23.75058937072754],[68.42479705810547,23.557723999023438]]]}},{"type":"Feature","properties":{"Name":"(Kingdom of Lysimachus)","FromYear":-323,"ToYear":-302,"Area":151409.82496214766,"Type":"POLITY","Wikipedia":"Kingdom of Lysimachus","SeshatID":"tr_lysimachus_k","MemberOf":"","Components":"Lysimachus"},"geometry":{"type":"MultiPolygon","coordinates":[[[[22.39238739013672,42.691246032714844],[22.39676284790039,42.75628662109375],[22.47690773010254,42.75628662109375],[22.472503662109375,42.691246032714844],[22.39238739013672,42.691246032714844]]],[[[22.646154403686523,42.88639831542969],[22.65064811706543,42.95146560668945],[22.73088264465332,42.95146560668945],[22.72635841369629,42.88639831542969],[22.646154403686523,42.88639831542969]]],[[[22.73088264465332,42.95146560668945],[22.735414505004883,43.016544342041016],[22.8156795501709,43.016544342041016],[22.811115264892578,42.95146560668945],[22.73088264465332,42.95146560668945]]],[[[29.04557228088379,44.973392486572266],[28.802005767822266,44.973392486572266],[28.84072494506836,44.58129119873047],[28.576906204223633,44.38538360595703],[28.53555679321289,43.99384307861328],[28.616275787353516,43.99384307861328],[28.48109245300293,43.472347259521484],[28.159194946289062,43.472347259521484],[28.22636604309082,43.342071533203125],[27.89820098876953,43.276947021484375],[27.80489730834961,43.146724700927734],[27.84662628173828,42.75628662109375],[27.513538360595703,42.62621307373047],[27.494890213012695,42.43117141723633],[27.936981201171875,42.041324615478516],[27.979368209838867,41.65177917480469],[28.21833038330078,41.65177917480469],[28.27918243408203,41.45711898803711],[28.505287170410156,41.32738494873047],[28.975934982299805,41.26253128051758],[29.036151885986328,41.06801223754883],[27.527481079101562,41.06801223754883],[27.017187118530273,40.6791877746582],[26.921367645263672,40.4848747253418],[26.62644386291504,40.74397277832031],[26.140260696411133,40.614410400390625],[26.082168579101562,40.873565673828125],[25.849451065063477,40.93837356567383],[24.34181785583496,40.93837356567383],[24.262470245361328,40.93837356567383],[23.963613510131836,41.19768524169922],[23.80469512939453,41.19768524169922],[23.748350143432617,41.521995544433594],[23.593765258789062,41.586883544921875],[23.52797508239746,41.781593322753906],[22.819360733032227,41.911441802978516],[22.67292022705078,42.10627746582031],[22.437664031982422,42.17123794555664],[22.370676040649414,42.36617660522461],[22.539382934570312,42.496177673339844],[22.472503662109375,42.691246032714844],[22.5526180267334,42.691246032714844],[22.980838775634766,43.08163070678711],[23.14142608642578,43.08163070678711],[23.07048797607422,43.211830139160156],[23.39671516418457,43.276947021484375],[23.33073616027832,43.472347259521484],[23.420921325683594,43.6026611328125],[23.58199119567871,43.6026611328125],[23.521102905273438,43.86341094970703],[23.92439079284668,43.86341094970703],[24.075435638427734,43.73301696777344],[24.80620765686035,43.79821014404297],[25.52049446105957,43.6678352355957],[26.36821174621582,44.12431716918945],[27.748062133789062,44.18956756591797],[27.929664611816406,44.38538360595703],[27.8487606048584,44.38538360595703],[27.86873435974121,44.58129119873047],[27.706735610961914,44.58129119873047],[27.726606369018555,44.77729415893555],[27.8887939453125,44.77729415893555],[27.92239761352539,45.10417556762695],[27.766572952270508,45.169586181640625],[27.786672592163086,45.36587905883789],[28.037626266479492,45.431331634521484],[28.051286697387695,45.56227111816406],[28.28878402709961,45.496795654296875],[28.274951934814453,45.36587905883789],[28.430747985839844,45.300437927246094],[28.756139755249023,45.300437927246094],[29.184673309326172,45.496795654296875],[29.66587257385254,45.431331634521484],[29.621288299560547,45.03877639770508],[29.274627685546875,44.842647552490234],[29.19350242614746,44.842647552490234],[29.024105072021484,44.77729415893555],[29.04557228088379,44.973392486572266]]],[[[22.82025146484375,43.08163070678711],[22.900545120239258,43.08163070678711],[22.89594268798828,43.016544342041016],[22.8156795501709,43.016544342041016],[22.82025146484375,43.08163070678711]]]]}},{"type":"Feature","properties":{"Name":"Sibyrtius","FromYear":-323,"ToYear":-316,"Area":735284.7372865722,"Type":"LEADER","Wikipedia":"Sibyrtius","SeshatID":"gr_macedonian_emp","MemberOf":"(Macedonian Empire)","Components":""},"geometry":{"type":"MultiPolygon","coordinates":[[[[62.3036994934082,29.40805435180664],[64.11966705322266,29.40805435180664],[64.29206085205078,29.536611557006836],[64.75691986083984,29.600887298583984],[65.05665588378906,30.886310577392578],[65.30376434326172,31.40045166015625],[65.89724731445312,32.107421875],[66.15179443359375,32.23596954345703],[66.27979278564453,32.493072509765625],[66.625,32.685909271240234],[66.80860137939453,33.20018768310547],[66.97553253173828,33.26447677612305],[66.93991088867188,33.45735549926758],[67.29605102539062,34.03607940673828],[67.62030792236328,35.12965774536133],[67.69754028320312,35.12965774536133],[67.72557067871094,35.58015823364258],[68.5767593383789,35.58015823364258],[69.22705078125,35.708900451660156],[69.75321197509766,35.644527435302734],[69.93972778320312,35.77327346801758],[72.46224975585938,35.644527435302734],[72.44577026367188,35.58015823364258],[72.42935180664062,35.51579284667969],[72.35198974609375,35.51579284667969],[72.33563232421875,35.45143127441406],[72.31932067871094,35.38706970214844],[72.30305480957031,35.32271194458008],[72.28682708740234,35.258358001708984],[72.25164794921875,34.80794906616211],[72.40373992919922,34.48630142211914],[72.40213775634766,33.84315490722656],[72.4789810180664,33.84315490722656],[72.4643783569336,33.45735549926758],[72.54110717773438,33.45735549926758],[72.2070083618164,31.271915435791016],[72.28313446044922,31.271915435791016],[72.55437469482422,30.372163772583008],[71.0490493774414,30.436433792114258],[70.41687774658203,30.307893753051758],[69.20279693603516,30.307893753051758],[68.5079116821289,30.243623733520508],[67.85413360595703,29.986536026000977],[67.34701538085938,27.865236282348633],[67.27169036865234,27.865236282348633],[67.2592544555664,27.2866268157959],[66.93203735351562,26.57941436767578],[66.82772827148438,25.807899475097656],[66.62029266357422,25.357851028442383],[66.54544067382812,25.357851028442383],[66.48676300048828,25.48643684387207],[66.270263671875,25.55072784423828],[66.02147674560547,25.357851028442383],[64.8160629272461,25.29355812072754],[64.80064392089844,25.164974212646484],[64.5090103149414,25.229267120361328],[64.4341812133789,25.229267120361328],[64.3593521118164,25.229267120361328],[64.22502136230469,25.357851028442383],[63.62620544433594,25.357851028442383],[63.536216735839844,25.229267120361328],[62.563419342041016,25.229267120361328],[62.47393035888672,25.100683212280273],[62.18195724487305,25.164974212646484],[62.01787185668945,25.03639030456543],[61.71868133544922,25.03639030456543],[61.65822219848633,25.164974212646484],[61.12736892700195,25.100683212280273],[60.91714859008789,25.229267120361328],[60.617828369140625,25.229267120361328],[60.63211441040039,25.357851028442383],[60.10105895996094,25.29355812072754],[59.44150924682617,25.422143936157227],[59.36664581298828,25.422143936157227],[59.10267639160156,25.743606567382812],[59.11715316772461,25.8721923828125],[58.974544525146484,25.936485290527344],[59.169097900390625,26.32224464416504],[59.034210205078125,26.450830459594727],[59.09648513793945,26.96516990661621],[58.954139709472656,27.029460906982422],[58.935638427734375,27.4794979095459],[59.153568267822266,27.993812561035156],[59.39698028564453,28.12238883972168],[59.41450119018555,28.25096321105957],[59.716129302978516,28.25096321105957],[59.88479995727539,28.379535675048828],[59.9028205871582,28.508106231689453],[59.76094055175781,28.572391510009766],[59.829139709472656,30.050809860229492],[59.75332260131836,30.050809860229492],[59.81412124633789,30.436433792114258],[59.67254638671875,30.500701904296875],[59.693172454833984,30.629240036010742],[60.690425872802734,31.143381118774414],[60.59416198730469,30.564971923828125],[60.725059509277344,30.436433792114258],[60.749176025390625,30.115081787109375],[60.95616912841797,29.986536026000977],[61.001495361328125,29.79371452331543],[61.66292190551758,29.665164947509766],[61.65280532836914,29.600887298583984],[62.3036994934082,29.40805435180664]]],[[[73.52909851074219,35.58015823364258],[73.85546875,35.644527435302734],[73.838623046875,35.58015823364258],[73.82182312011719,35.51579284667969],[73.52909851074219,35.58015823364258]]],[[[73.39105987548828,35.644527435302734],[73.40782928466797,35.708900451660156],[73.4852523803711,35.708900451660156],[73.46846008300781,35.644527435302734],[73.39105987548828,35.644527435302734]]]]}},{"type":"Feature","properties":{"Name":"Tlepolemus","FromYear":-323,"ToYear":-316,"Area":250080.99833871674,"Type":"LEADER","Wikipedia":"Tlepolemus","SeshatID":"gr_macedonian_emp","MemberOf":"(Macedonian Empire)","Components":""},"geometry":{"type":"Polygon","coordinates":[[[59.35962677001953,25.357851028442383],[59.060218811035156,25.357851028442383],[58.78172302246094,25.55072784423828],[57.957984924316406,25.55072784423828],[57.7402229309082,25.615020751953125],[57.67921447753906,25.743606567382812],[57.37953567504883,25.743606567382812],[57.11480712890625,26.06507110595703],[57.05242156982422,26.836584091186523],[56.714656829833984,27.158044815063477],[56.188377380371094,27.158044815063477],[56.098140716552734,27.029460906982422],[56.32361602783203,27.029460906982422],[56.30864334106445,26.900876998901367],[56.06119155883789,26.70800018310547],[55.60341262817383,26.643707275390625],[55.439002990722656,26.515121459960938],[55.28888702392578,26.515121459960938],[55.31023025512695,26.70800018310547],[55.542747497558594,26.772293090820312],[55.242313385009766,26.772293090820312],[54.83156204223633,26.450830459594727],[54.25190734863281,26.643707275390625],[54.25889205932617,26.70800018310547],[55.15068817138672,27.2866268157959],[55.173282623291016,27.4794979095459],[55.3314094543457,27.54378890991211],[55.35453796386719,27.736658096313477],[55.52080154418945,27.865236282348633],[55.830047607421875,27.92952537536621],[56.0965690612793,28.25096321105957],[56.24738311767578,28.25096321105957],[56.82587814331055,28.636676788330078],[57.06474304199219,29.279497146606445],[56.98910903930664,29.279497146606445],[57.016212463378906,29.472333908081055],[56.68341827392578,29.79371452331543],[56.739479064941406,30.179353713989258],[57.20622634887695,30.757776260375977],[57.68225860595703,30.886310577392578],[58.18979263305664,31.20764923095703],[58.25276184082031,31.593257904052734],[57.95848846435547,31.65752601623535],[57.77224349975586,31.91460609436035],[57.61965560913086,31.91460609436035],[57.59699249267578,32.23596954345703],[57.258304595947266,32.493072509765625],[57.37863540649414,32.75019073486328],[57.24767303466797,32.878753662109375],[57.335350036621094,32.94303894042969],[57.32609558105469,33.32876968383789],[60.559261322021484,33.393062591552734],[60.67628479003906,33.20018768310547],[60.65742874145508,32.685909271240234],[60.88142776489258,32.23596954345703],[60.82402801513672,31.91460609436035],[60.90032196044922,31.91460609436035],[60.690425872802734,31.143381118774414],[59.693172454833984,30.629240036010742],[59.67254638671875,30.500701904296875],[59.81412124633789,30.436433792114258],[59.75332260131836,30.050809860229492],[59.829139709472656,30.050809860229492],[59.76094055175781,28.572391510009766],[59.9028205871582,28.508106231689453],[59.88479995727539,28.379535675048828],[59.716129302978516,28.25096321105957],[59.41450119018555,28.25096321105957],[59.39698028564453,28.12238883972168],[59.153568267822266,27.993812561035156],[58.935638427734375,27.4794979095459],[58.954139709472656,27.029460906982422],[59.09648513793945,26.96516990661621],[59.034210205078125,26.450830459594727],[59.169097900390625,26.32224464416504],[58.974544525146484,25.936485290527344],[59.11715316772461,25.8721923828125],[59.10267639160156,25.743606567382812],[59.36664581298828,25.422143936157227],[59.35962677001953,25.357851028442383]]]}},{"type":"Feature","properties":{"Name":"Taxiles","FromYear":-323,"ToYear":-308,"Area":58250.6949510001,"Type":"LEADER","Wikipedia":"Taxiles","SeshatID":"gr_macedonian_emp","MemberOf":"(Macedonian Empire)","Components":""},"geometry":{"type":"Polygon","coordinates":[[[73.71723937988281,34.80794906616211],[74.0586166381836,34.93662643432617],[74.09162902832031,35.065311431884766],[73.66128540039062,35.194007873535156],[73.69441223144531,35.32271194458008],[73.86568450927734,35.38706970214844],[73.82182312011719,35.51579284667969],[73.74446105957031,35.51579284667969],[73.66710662841797,35.51579284667969],[73.5897445678711,35.51579284667969],[73.60647583007812,35.58015823364258],[73.52909851074219,35.58015823364258],[73.45172119140625,35.58015823364258],[73.46846008300781,35.644527435302734],[73.39105987548828,35.644527435302734],[72.46224975585938,35.644527435302734],[72.44577026367188,35.58015823364258],[72.42935180664062,35.51579284667969],[72.35198974609375,35.51579284667969],[72.33563232421875,35.45143127441406],[72.31932067871094,35.38706970214844],[72.30305480957031,35.32271194458008],[72.28682708740234,35.258358001708984],[72.25164794921875,34.80794906616211],[72.40373992919922,34.48630142211914],[72.40213775634766,33.84315490722656],[72.4789810180664,33.84315490722656],[72.4643783569336,33.45735549926758],[72.54110717773438,33.45735549926758],[72.2070083618164,31.271915435791016],[72.28313446044922,31.271915435791016],[72.55437469482422,30.372163772583008],[72.54151916503906,30.307893753051758],[72.61740112304688,30.307893753051758],[72.69327545166016,30.307893753051758],[72.6804428100586,30.243623733520508],[72.75630950927734,30.243623733520508],[73.14218139648438,31.014846801757812],[73.32147979736328,31.143381118774414],[73.5175552368164,32.043148040771484],[73.44122314453125,32.043148040771484],[73.5135726928711,32.36451721191406],[73.4371566772461,32.36451721191406],[73.52550506591797,32.75019073486328],[73.44898223876953,32.75019073486328],[73.57034301757812,32.94303894042969],[73.56936645507812,33.26447677612305],[73.4926986694336,33.26447677612305],[73.41670227050781,33.90746307373047],[73.33984375,33.90746307373047],[73.373291015625,34.3576545715332],[73.29629516601562,34.3576545715332],[73.34420013427734,34.55062484741211],[73.6076431274414,34.679283142089844],[73.64009857177734,34.80794906616211],[73.71723937988281,34.80794906616211]],[[72.57144165039062,33.5859489440918],[72.64820861816406,33.5859489440918],[72.63299560546875,33.52165222167969],[72.5562515258789,33.52165222167969],[72.57144165039062,33.5859489440918]]]}},{"type":"Feature","properties":{"Name":"Lysimachus","FromYear":-323,"ToYear":-302,"Area":151409.82496214766,"Type":"LEADER","Wikipedia":"Lysimachus","SeshatID":"tr_lysimachus_k","MemberOf":"(Kingdom of Lysimachus)","Components":""},"geometry":{"type":"MultiPolygon","coordinates":[[[[22.39238739013672,42.691246032714844],[22.39676284790039,42.75628662109375],[22.47690773010254,42.75628662109375],[22.472503662109375,42.691246032714844],[22.39238739013672,42.691246032714844]]],[[[22.646154403686523,42.88639831542969],[22.65064811706543,42.95146560668945],[22.73088264465332,42.95146560668945],[22.72635841369629,42.88639831542969],[22.646154403686523,42.88639831542969]]],[[[22.73088264465332,42.95146560668945],[22.735414505004883,43.016544342041016],[22.8156795501709,43.016544342041016],[22.811115264892578,42.95146560668945],[22.73088264465332,42.95146560668945]]],[[[29.04557228088379,44.973392486572266],[28.802005767822266,44.973392486572266],[28.84072494506836,44.58129119873047],[28.576906204223633,44.38538360595703],[28.53555679321289,43.99384307861328],[28.616275787353516,43.99384307861328],[28.48109245300293,43.472347259521484],[28.159194946289062,43.472347259521484],[28.22636604309082,43.342071533203125],[27.89820098876953,43.276947021484375],[27.80489730834961,43.146724700927734],[27.84662628173828,42.75628662109375],[27.513538360595703,42.62621307373047],[27.494890213012695,42.43117141723633],[27.936981201171875,42.041324615478516],[27.979368209838867,41.65177917480469],[28.21833038330078,41.65177917480469],[28.27918243408203,41.45711898803711],[28.505287170410156,41.32738494873047],[28.975934982299805,41.26253128051758],[29.036151885986328,41.06801223754883],[27.527481079101562,41.06801223754883],[27.017187118530273,40.6791877746582],[26.921367645263672,40.4848747253418],[26.62644386291504,40.74397277832031],[26.140260696411133,40.614410400390625],[26.082168579101562,40.873565673828125],[25.849451065063477,40.93837356567383],[24.34181785583496,40.93837356567383],[24.262470245361328,40.93837356567383],[23.963613510131836,41.19768524169922],[23.80469512939453,41.19768524169922],[23.748350143432617,41.521995544433594],[23.593765258789062,41.586883544921875],[23.52797508239746,41.781593322753906],[22.819360733032227,41.911441802978516],[22.67292022705078,42.10627746582031],[22.437664031982422,42.17123794555664],[22.370676040649414,42.36617660522461],[22.539382934570312,42.496177673339844],[22.472503662109375,42.691246032714844],[22.5526180267334,42.691246032714844],[22.980838775634766,43.08163070678711],[23.14142608642578,43.08163070678711],[23.07048797607422,43.211830139160156],[23.39671516418457,43.276947021484375],[23.33073616027832,43.472347259521484],[23.420921325683594,43.6026611328125],[23.58199119567871,43.6026611328125],[23.521102905273438,43.86341094970703],[23.92439079284668,43.86341094970703],[24.075435638427734,43.73301696777344],[24.80620765686035,43.79821014404297],[25.52049446105957,43.6678352355957],[26.36821174621582,44.12431716918945],[27.748062133789062,44.18956756591797],[27.929664611816406,44.38538360595703],[27.8487606048584,44.38538360595703],[27.86873435974121,44.58129119873047],[27.706735610961914,44.58129119873047],[27.726606369018555,44.77729415893555],[27.8887939453125,44.77729415893555],[27.92239761352539,45.10417556762695],[27.766572952270508,45.169586181640625],[27.786672592163086,45.36587905883789],[28.037626266479492,45.431331634521484],[28.051286697387695,45.56227111816406],[28.28878402709961,45.496795654296875],[28.274951934814453,45.36587905883789],[28.430747985839844,45.300437927246094],[28.756139755249023,45.300437927246094],[29.184673309326172,45.496795654296875],[29.66587257385254,45.431331634521484],[29.621288299560547,45.03877639770508],[29.274627685546875,44.842647552490234],[29.19350242614746,44.842647552490234],[29.024105072021484,44.77729415893555],[29.04557228088379,44.973392486572266]]],[[[22.82025146484375,43.08163070678711],[22.900545120239258,43.08163070678711],[22.89594268798828,43.016544342041016],[22.8156795501709,43.016544342041016],[22.82025146484375,43.08163070678711]]]]}},{"type":"Feature","properties":{"Name":"Porus","FromYear":-323,"ToYear":-316,"Area":93057.41740871352,"Type":"LEADER","Wikipedia":"Porus","SeshatID":"gr_macedonian_emp","MemberOf":"(Macedonian Empire)","Components":""},"geometry":{"type":"Polygon","coordinates":[[[75.50178527832031,34.55062484741211],[75.32040405273438,34.743614196777344],[75.38744354248047,35.00096893310547],[75.22338104248047,35.258358001708984],[75.2574234008789,35.38706970214844],[75.18009948730469,35.38706970214844],[73.838623046875,35.58015823364258],[73.82182312011719,35.51579284667969],[73.86568450927734,35.38706970214844],[73.69441223144531,35.32271194458008],[73.66128540039062,35.194007873535156],[74.09162902832031,35.065311431884766],[74.0586166381836,34.93662643432617],[73.71723937988281,34.80794906616211],[73.64009857177734,34.80794906616211],[73.6076431274414,34.679283142089844],[73.34420013427734,34.55062484741211],[73.29629516601562,34.3576545715332],[73.373291015625,34.3576545715332],[73.33984375,33.90746307373047],[73.41670227050781,33.90746307373047],[73.4926986694336,33.26447677612305],[73.56936645507812,33.26447677612305],[73.57034301757812,32.94303894042969],[73.44898223876953,32.75019073486328],[73.52550506591797,32.75019073486328],[73.4371566772461,32.36451721191406],[73.5135726928711,32.36451721191406],[73.44122314453125,32.043148040771484],[73.5175552368164,32.043148040771484],[73.32147979736328,31.143381118774414],[73.14218139648438,31.014846801757812],[72.75630950927734,30.243623733520508],[73.2615966796875,30.115081787109375],[73.2360610961914,29.986536026000977],[73.3622817993164,29.857990264892578],[73.944091796875,30.115081787109375],[74.13499450683594,30.307893753051758],[74.70621490478516,30.500701904296875],[74.71968078613281,30.564971923828125],[74.83638763427734,30.757776260375977],[74.60111999511719,31.079113006591797],[74.67115020751953,31.40045166015625],[74.56138610839844,31.593257904052734],[74.63334655761719,31.91460609436035],[74.8914794921875,32.043148040771484],[75.05690002441406,32.428794860839844],[75.31642150878906,32.557350158691406],[75.5205307006836,33.71455001831055],[75.4437255859375,33.71455001831055],[75.50814819335938,33.971771240234375],[75.43126678466797,33.971771240234375],[75.42472839355469,34.55062484741211],[75.50178527832031,34.55062484741211]]]}},{"type":"Feature","properties":{"Name":"Maurya Empire","FromYear":-318,"ToYear":-316,"Area":1713098.5284245466,"Type":"POLITY","Wikipedia":"Maurya Empire","SeshatID":"in_mauryan_emp","MemberOf":"","Components":""},"geometry":{"type":"MultiPolygon","coordinates":[[[[80.8416519165039,30.436433792114258],[81.1482162475586,30.115081787109375],[81.39024353027344,30.179353713989258],[81.69709014892578,29.857990264892578],[82.1087417602539,29.665164947509766],[83.24876403808594,29.34377670288086],[83.48995208740234,29.40805435180664],[83.52305603027344,29.21521759033203],[83.74991607666016,29.21521759033203],[84.01010131835938,29.022375106811523],[84.25091552734375,29.08665657043457],[84.48321533203125,28.765243530273438],[84.75759887695312,28.636676788330078],[85.21054077148438,28.636676788330078],[85.84825897216797,28.44382095336914],[85.89620208740234,28.315250396728516],[86.69828796386719,28.186676025390625],[87.38379669189453,27.865236282348633],[88.39056396484375,27.993812561035156],[88.363037109375,27.865236282348633],[88.5890121459961,27.865236282348633],[88.71227264404297,27.736658096313477],[88.95187377929688,27.800947189331055],[88.98623657226562,27.608078002929688],[89.37625122070312,27.6723690032959],[89.48599243164062,27.4794979095459],[89.7599868774414,27.35091781616211],[90.07438659667969,27.41520881652832],[90.04742431640625,27.2866268157959],[90.27305603027344,27.2866268157959],[90.17109680175781,27.158044815063477],[90.59556579589844,27.029460906982422],[90.63124084472656,26.836584091186523],[91.90828704833984,26.836584091186523],[91.92898559570312,26.19365882873535],[92.06637573242188,26.129364013671875],[91.94168853759766,25.8721923828125],[92.06707763671875,25.743606567382812],[92.03084564208984,25.55072784423828],[92.23161315917969,25.422143936157227],[92.33428955078125,25.164974212646484],[92.48392486572266,25.164974212646484],[92.3859634399414,25.03639030456543],[92.52406311035156,24.97209930419922],[92.35174560546875,24.843517303466797],[92.11392211914062,24.329193115234375],[92.26329040527344,24.329193115234375],[92.23109436035156,24.136323928833008],[92.30575561523438,24.136323928833008],[92.31735229492188,23.75058937072754],[92.23243713378906,23.68630027770996],[92.3713150024414,23.622013092041016],[92.42971801757812,23.043420791625977],[92.50421142578125,23.043420791625977],[92.47467803955078,22.85055923461914],[92.63983154296875,22.46483612060547],[92.60164642333984,22.20768928527832],[92.7314453125,22.079116821289062],[92.65662384033203,21.5648250579834],[92.73091125488281,21.5648250579834],[92.75901794433594,21.24339485168457],[92.33184051513672,21.371967315673828],[92.33306884765625,20.857677459716797],[92.1195297241211,20.921964645385742],[92.00740814208984,21.179107666015625],[92.05309295654297,21.500539779663086],[91.83023834228516,21.500539779663086],[91.89482116699219,21.950544357299805],[91.76476287841797,22.079116821289062],[91.73738861083984,22.400548934936523],[91.36537170410156,22.400548934936523],[91.49696350097656,22.786272048950195],[91.4225082397461,22.786272048950195],[91.24492645263672,22.59341049194336],[90.93775177001953,22.529123306274414],[90.86321258544922,22.014829635620117],[90.6309814453125,21.950544357299805],[90.64935302734375,22.079116821289062],[90.42626953125,22.079116821289062],[90.23202514648438,21.7576847076416],[89.89663696289062,22.014829635620117],[89.86945343017578,21.821969985961914],[89.71179962158203,21.7576847076416],[89.11725616455078,21.7576847076416],[89.09945678710938,21.629112243652344],[88.72795104980469,21.629112243652344],[88.71597290039062,22.079116821289062],[88.64161682128906,22.079116821289062],[88.51387023925781,21.693397521972656],[88.3652572631836,21.693397521972656],[88.34766387939453,21.5648250579834],[88.133544921875,21.629112243652344],[88.17765045166016,21.950544357299805],[88.10330963134766,21.950544357299805],[87.76203918457031,21.629112243652344],[87.06745910644531,21.43625259399414],[86.88469696044922,21.179107666015625],[86.95893859863281,21.179107666015625],[87.03089904785156,20.60053253173828],[86.7915267944336,20.471960067749023],[86.84036254882812,20.279102325439453],[86.51026153564453,20.021955490112305],[86.43616485595703,20.021955490112305],[86.15650177001953,20.150527954101562],[86.19831085205078,20.471960067749023],[86.06671905517578,20.60053253173828],[86.07508087158203,20.664819717407227],[85.90274047851562,21.050535202026367],[85.50767517089844,21.43625259399414],[84.2865982055664,21.7576847076416],[81.6517105102539,22.079116821289062],[81.00682830810547,22.271976470947266],[75.33970642089844,22.786272048950195],[74.9750747680664,22.85055923461914],[74.99047088623047,22.97913360595703],[74.76702117919922,22.97913360595703],[74.35094451904297,23.236284255981445],[74.05286407470703,23.236284255981445],[73.93495178222656,23.493436813354492],[73.65241241455078,23.622013092041016],[73.20494842529297,23.622013092041016],[72.63175201416016,23.814878463745117],[71.02132415771484,24.07203483581543],[68.87935638427734,24.264904022216797],[68.80467987060547,24.264904022216797],[68.9971694946289,26.32224464416504],[69.20295715332031,26.70800018310547],[69.53202056884766,26.900876998901367],[69.84648132324219,27.4794979095459],[70.00714874267578,27.54378890991211],[70.39180755615234,28.058101654052734],[70.54254150390625,28.058101654052734],[70.73670196533203,27.865236282348633],[70.71566009521484,27.736658096313477],[71.64061737060547,27.865236282348633],[71.88823699951172,27.993812561035156],[72.38854217529297,28.700960159301758],[72.9877700805664,29.08665657043457],[73.41285705566406,29.729440689086914],[73.3622817993164,29.857990264892578],[73.944091796875,30.115081787109375],[74.13499450683594,30.307893753051758],[74.70621490478516,30.500701904296875],[74.78214263916016,30.500701904296875],[75.77613830566406,30.886310577392578],[77.82547760009766,31.20764923095703],[78.66265869140625,31.20764923095703],[79.17961883544922,31.464719772338867],[79.53101348876953,31.014846801757812],[79.91130065917969,31.014846801757812],[80.33950805664062,30.564971923828125],[80.76573944091797,30.436433792114258],[80.8416519165039,30.436433792114258]]],[[[90.6574935913086,26.96516990661621],[90.67072296142578,27.029460906982422],[90.74588012695312,27.029460906982422],[90.7326431274414,26.96516990661621],[90.6574935913086,26.96516990661621]]],[[[90.59556579589844,27.029460906982422],[90.60884857177734,27.093751907348633],[90.68402099609375,27.093751907348633],[90.67072296142578,27.029460906982422],[90.59556579589844,27.029460906982422]]]]}},{"type":"Feature","properties":{"Name":"Peithon","FromYear":-318,"ToYear":-316,"Area":920952.5647755719,"Type":"LEADER","Wikipedia":"Peithon","SeshatID":"gr_macedonian_emp","MemberOf":"(Macedonian Empire)","Components":""},"geometry":{"type":"MultiPolygon","coordinates":[[[[69.3558578491211,39.70827102661133],[69.41573333740234,39.64360046386719],[69.2804946899414,39.449623107910156],[69.35923767089844,39.449623107910156],[69.36353302001953,39.19107437133789],[69.52082824707031,39.19107437133789],[69.40531158447266,39.06184005737305],[69.56787872314453,38.80344009399414],[70.316162109375,38.67427444458008],[70.35812377929688,38.54513168334961],[70.62996673583984,38.67427444458008],[70.59333038330078,38.54513168334961],[70.90694427490234,38.54513168334961],[70.88862609863281,38.48057174682617],[70.2146987915039,38.028785705566406],[70.16192626953125,37.835243225097656],[70.26583862304688,37.641746520996094],[70.07515716552734,37.51277160644531],[69.45091247558594,37.51277160644531],[69.3497543334961,37.12596130371094],[69.1160659790039,37.12596130371094],[69.0102767944336,37.3193473815918],[68.7763900756836,37.3193473815918],[67.97682189941406,36.932613372802734],[66.57542419433594,36.61045455932617],[66.3577651977539,36.67487716674805],[65.76768493652344,36.48161697387695],[65.56698608398438,36.28839111328125],[65.1789321899414,36.28839111328125],[64.14588165283203,35.837650299072266],[63.26557159423828,35.708900451660156],[62.963775634765625,35.38706970214844],[60.963844299316406,34.679283142089844],[60.783958435058594,34.55062484741211],[60.82268524169922,34.3576545715332],[60.56644058227539,34.22901916503906],[60.49154281616211,33.84315490722656],[60.56838607788086,33.84315490722656],[60.559261322021484,33.393062591552734],[57.32609558105469,33.32876968383789],[57.335350036621094,32.94303894042969],[57.24767303466797,32.878753662109375],[57.37863540649414,32.75019073486328],[57.258304595947266,32.493072509765625],[56.24154281616211,32.81447219848633],[55.34426498413086,32.94303894042969],[51.98460006713867,33.00732421875],[50.2323112487793,33.07160949707031],[49.113887786865234,32.75019073486328],[48.61426544189453,33.00732421875],[48.07807540893555,33.00732421875],[47.974830627441406,32.81447219848633],[47.82174301147461,32.81447219848633],[47.4151496887207,33.20018768310547],[46.67476272583008,33.393062591552734],[46.71001052856445,33.65024948120117],[46.14847946166992,34.03607940673828],[46.143192291259766,34.55062484741211],[45.95730209350586,34.87228775024414],[45.993961334228516,35.12965774536133],[45.58554458618164,35.51579284667969],[46.03102111816406,35.38706970214844],[47.95417022705078,35.32271194458008],[49.083438873291016,35.12965774536133],[49.50012969970703,35.32271194458008],[49.60824966430664,35.51579284667969],[50.480350494384766,35.644527435302734],[50.85463333129883,36.03080368041992],[52.00763702392578,36.417205810546875],[52.108154296875,36.5460319519043],[52.18585205078125,36.5460319519043],[53.08772277832031,36.80373764038086],[54.033294677734375,36.8681755065918],[54.09466552734375,37.1904182434082],[53.97600173950195,37.38381576538086],[54.7032585144043,37.51277160644531],[54.845638275146484,37.835243225097656],[55.289100646972656,38.09331130981445],[56.22794723510742,38.09331130981445],[56.67421340942383,38.351463317871094],[57.550010681152344,38.416015625],[58.62698745727539,38.67427444458008],[60.25617599487305,39.25570297241211],[60.61840057373047,39.449623107910156],[60.650386810302734,39.57893371582031],[60.9494514465332,39.51427459716797],[62.50175094604492,40.031734466552734],[62.879478454589844,39.9670295715332],[63.46686935424805,40.0964469909668],[64.888916015625,40.0964469909668],[64.93218994140625,39.9670295715332],[65.2301254272461,39.90232849121094],[65.56378936767578,39.9670295715332],[66.2199478149414,39.77294921875],[68.53006744384766,39.57893371582031],[68.6238784790039,39.90232849121094],[68.99703216552734,40.0964469909668],[69.03570556640625,40.225894927978516],[69.27286529541016,40.225894927978516],[69.272216796875,40.4848747253418],[69.19305419921875,40.4848747253418],[69.27246856689453,40.74397277832031],[69.60967254638672,40.80876541137695],[69.80719757080078,40.6791877746582],[70.56432342529297,41.06801223754883],[70.68167877197266,40.93837356567383],[70.6405029296875,40.80876541137695],[70.77855682373047,40.74397277832031],[70.73768615722656,40.614410400390625],[69.84595489501953,40.29063034057617],[69.8856430053711,40.16116714477539],[69.33419799804688,39.90232849121094],[69.27700805664062,39.70827102661133],[69.3558578491211,39.70827102661133]],[[60.95139694213867,37.1904182434082],[60.96575927734375,37.254878997802734],[60.887821197509766,37.254878997802734],[60.87348175048828,37.1904182434082],[60.95139694213867,37.1904182434082]],[[56.96971130371094,35.58015823364258],[57.047088623046875,35.58015823364258],[57.05944061279297,35.644527435302734],[56.98204040527344,35.644527435302734],[56.96971130371094,35.58015823364258]]],[[[70.41947937011719,40.355369567871094],[70.34037017822266,40.355369567871094],[70.36038208007812,40.42012023925781],[70.43951416015625,40.42012023925781],[70.41947937011719,40.355369567871094]]]]}},{"type":"Feature","properties":{"Name":"Cassander","FromYear":-318,"ToYear":-316,"Area":6212.3223725065245,"Type":"LEADER","Wikipedia":"Cassander","SeshatID":"gr_macedonian_emp","MemberOf":"(Macedonian Empire)","Components":""},"geometry":{"type":"MultiPolygon","coordinates":[[[[29.36338996887207,36.80373764038086],[29.36859130859375,36.8681755065918],[29.44639778137207,36.8681755065918],[29.441173553466797,36.80373764038086],[29.36338996887207,36.80373764038086]]],[[[31.51641082763672,37.38381576538086],[31.522380828857422,37.44829177856445],[31.600387573242188,37.44829177856445],[31.59439468383789,37.38381576538086],[31.51641082763672,37.38381576538086]]],[[[22.334020614624023,40.54964065551758],[22.413206100463867,40.54964065551758],[22.492393493652344,40.54964065551758],[22.496421813964844,40.614410400390625],[22.57563591003418,40.614410400390625],[22.654850006103516,40.614410400390625],[22.650768280029297,40.54964065551758],[22.57158088684082,40.54964065551758],[22.543659210205078,40.0964469909668],[22.701663970947266,40.0964469909668],[22.697689056396484,40.031734466552734],[22.212478637695312,39.8376350402832],[21.91537094116211,40.16116714477539],[22.17564582824707,40.54964065551758],[22.254833221435547,40.54964065551758],[22.334020614624023,40.54964065551758]]],[[[23.6583194732666,40.225894927978516],[22.959190368652344,40.42012023925781],[22.888330459594727,40.54964065551758],[22.89249038696289,40.614410400390625],[23.689075469970703,40.6791877746582],[23.684629440307617,40.614410400390625],[23.763843536376953,40.614410400390625],[23.759387969970703,40.54964065551758],[23.83857536315918,40.54964065551758],[23.834110260009766,40.4848747253418],[23.82966423034668,40.42012023925781],[23.750530242919922,40.42012023925781],[23.73737335205078,40.225894927978516],[23.6583194732666,40.225894927978516]]],[[[22.100351333618164,40.614410400390625],[22.1795654296875,40.614410400390625],[22.17564582824707,40.54964065551758],[22.096458435058594,40.54964065551758],[22.100351333618164,40.614410400390625]]]]}},{"type":"Feature","properties":{"Name":"Philoxenus","FromYear":-318,"ToYear":-316,"Area":99152.79216029377,"Type":"LEADER","Wikipedia":"Philoxenus (general)","SeshatID":"gr_macedonian_emp","MemberOf":"(Macedonian Empire)","Components":""},"geometry":{"type":"Polygon","coordinates":[[[39.306678771972656,37.3193473815918],[39.54883575439453,37.38381576538086],[39.599029541015625,37.7707405090332],[39.25047302246094,38.09331130981445],[37.76396560668945,38.09331130981445],[37.1146354675293,37.89975357055664],[36.34809112548828,38.028785705566406],[35.998069763183594,37.706241607666016],[35.67116928100586,37.5772590637207],[34.358001708984375,37.706241607666016],[33.67526626586914,37.89975357055664],[32.03375244140625,37.89975357055664],[31.618486404418945,37.641746520996094],[31.600387573242188,37.44829177856445],[31.678394317626953,37.44829177856445],[31.672380447387695,37.38381576538086],[31.666385650634766,37.3193473815918],[31.840749740600586,36.67487716674805],[31.91849136352539,36.67487716674805],[32.498512268066406,36.2239875793457],[32.558349609375,36.03080368041992],[32.713401794433594,36.03080368041992],[33.2744140625,36.2239875793457],[33.97906494140625,36.28839111328125],[34.2507209777832,36.67487716674805],[34.581634521484375,36.8681755065918],[34.892860412597656,36.8681755065918],[34.95038986206055,36.67487716674805],[35.11265563964844,36.73930740356445],[35.487709045410156,36.61045455932617],[35.833587646484375,36.932613372802734],[36.144901275634766,36.932613372802734],[36.28622817993164,36.80373764038086],[36.26490020751953,36.61045455932617],[35.84174346923828,36.28839111328125],[35.91935348510742,36.28839111328125],[37.464290618896484,36.2239875793457],[37.478904724121094,36.3527946472168],[37.79686737060547,36.417205810546875],[37.89700698852539,36.61045455932617],[38.02047348022461,36.9970588684082],[38.176177978515625,36.9970588684082],[38.26960754394531,37.12596130371094],[39.29850769042969,37.254878997802734],[39.306678771972656,37.3193473815918]]]}},{"type":"Feature","properties":{"Name":"(Macedonian Empire)","FromYear":-318,"ToYear":-316,"Area":4801573.937511422,"Type":"POLITY","Wikipedia":"Macedonia (ancient kingdom)","SeshatID":"gr_macedonian_emp","MemberOf":"","Components":"Taxiles;Peucestas;Arcesilas;Stasanor;Leonnatus;Peithon (son of Agenor);Philoxenus;Sibyrtius;Antigenes;Oxyartes;Antigonus;Ptolemy;Tlepolemus;Peithon;Porus;Asander;Cassander;Atropates"},"geometry":{"type":"MultiPolygon","coordinates":[[[[37.73945236206055,33.77885055541992],[37.72612380981445,33.65024948120117],[37.57255172729492,33.65024948120117],[37.0732307434082,33.26447677612305],[37.054195404052734,33.07160949707031],[36.90095901489258,33.07160949707031],[36.716766357421875,32.75019073486328],[36.750667572021484,32.30024337768555],[36.5155143737793,32.23596954345703],[36.66231155395508,32.171695709228516],[36.38663864135742,31.65752601623535],[36.423099517822266,31.20764923095703],[35.662025451660156,31.20764923095703],[35.49904251098633,31.079113006591797],[35.35223388671875,31.143381118774414],[34.62143325805664,30.564971923828125],[34.61144256591797,30.436433792114258],[34.38864517211914,30.500701904296875],[34.30289840698242,30.372163772583008],[33.837974548339844,30.243623733520508],[32.918514251708984,30.115081787109375],[32.90950393676758,29.986536026000977],[32.75790023803711,29.986536026000977],[32.67325973510742,29.857990264892578],[32.52609634399414,29.922264099121094],[32.44160079956055,29.79371452331543],[32.68916320800781,28.958093643188477],[32.83612823486328,28.893810272216797],[33.10531997680664,28.379535675048828],[33.60887145996094,27.993812561035156],[33.585105895996094,27.608078002929688],[33.7991943359375,27.41520881652832],[33.92659378051758,27.029460906982422],[34.07311248779297,26.96516990661621],[34.05074691772461,26.57941436767578],[34.197208404541016,26.515121459960938],[34.461280822753906,25.8721923828125],[34.60763931274414,25.807899475097656],[35.145530700683594,24.650644302368164],[35.860408782958984,24.00774574279785],[35.85411834716797,23.879167556762695],[35.558753967285156,23.943456649780273],[35.55257034301758,23.814878463745117],[35.10795974731445,23.879167556762695],[33.75636291503906,23.68630027770996],[33.6817741394043,23.68630027770996],[33.38899612426758,23.814878463745117],[32.040863037109375,23.68630027770996],[31.670488357543945,23.75058937072754],[30.537214279174805,23.36486053466797],[30.462675094604492,23.36486053466797],[30.39519500732422,23.557723999023438],[30.10396385192871,23.75058937072754],[30.10871124267578,23.879167556762695],[29.95948028564453,23.879167556762695],[29.672801971435547,24.200613021850586],[28.568815231323242,24.650644302368164],[28.288646697998047,25.164974212646484],[28.24367904663086,25.936485290527344],[28.34531593322754,26.57941436767578],[28.270244598388672,26.57941436767578],[28.15372657775879,27.35091781616211],[27.93669891357422,27.54378890991211],[27.710918426513672,27.54378890991211],[27.791961669921875,27.6723690032959],[27.429920196533203,27.993812561035156],[27.27633285522461,27.92952537536621],[27.28502082824707,28.12238883972168],[27.06757926940918,28.315250396728516],[26.251968383789062,28.636676788330078],[26.182157516479492,28.765243530273438],[25.882884979248047,28.829526901245117],[25.516281127929688,29.08665657043457],[25.376264572143555,29.34377670288086],[25.477962493896484,29.922264099121094],[26.31792640686035,31.528987884521484],[27.148780822753906,31.40045166015625],[27.514896392822266,31.143381118774414],[28.496395111083984,31.014846801757812],[28.865032196044922,30.822044372558594],[29.3970890045166,30.822044372558594],[29.485143661499023,31.014846801757812],[29.633193969726562,30.950578689575195],[29.86956024169922,31.079113006591797],[29.8017635345459,31.20764923095703],[29.882049560546875,31.271915435791016],[30.33879280090332,31.271915435791016],[30.271244049072266,31.40045166015625],[30.351730346679688,31.464719772338867],[30.80877685546875,31.464719772338867],[30.965608596801758,31.528987884521484],[30.974620819091797,31.65752601623535],[31.203296661376953,31.65752601623535],[31.117990493774414,31.528987884521484],[31.265825271606445,31.464719772338867],[31.875221252441406,31.464719772338867],[31.780553817749023,31.20764923095703],[31.93739891052246,31.271915435791016],[31.999635696411133,31.079113006591797],[32.303932189941406,31.079113006591797],[32.23719787597656,31.20764923095703],[32.38941192626953,31.20764923095703],[32.53215408325195,31.079113006591797],[32.76515197753906,31.143381118774414],[32.8316764831543,31.014846801757812],[33.74934005737305,31.079113006591797],[34.2972412109375,31.271915435791016],[34.30759811401367,31.40045166015625],[34.63344955444336,31.65752601623535],[34.57329559326172,31.8503360748291],[34.81304168701172,31.978878021240234],[34.76983642578125,32.36451721191406],[35.021759033203125,32.62162780761719],[35.05632781982422,33.00732421875],[35.21538543701172,33.07160949707031],[35.39840316772461,33.393062591552734],[35.34577560424805,33.65024948120117],[35.49934768676758,33.65024948120117],[35.4470100402832,33.90746307373047],[35.68381118774414,33.971771240234375],[35.64447784423828,34.3576545715332],[35.79212951660156,34.2933349609375],[36.048770904541016,34.55062484741211],[36.0682373046875,34.743614196777344],[35.92698669433594,34.87228775024414],[35.959747314453125,35.194007873535156],[35.88248825073242,35.194007873535156],[35.99294662475586,35.51579284667969],[35.84488296508789,35.58015823364258],[35.990074157714844,36.2239875793457],[35.91248321533203,36.2239875793457],[35.91935348510742,36.28839111328125],[35.84174346923828,36.28839111328125],[36.26490020751953,36.61045455932617],[36.28622817993164,36.80373764038086],[36.144901275634766,36.932613372802734],[35.833587646484375,36.932613372802734],[35.487709045410156,36.61045455932617],[35.11265563964844,36.73930740356445],[34.95038986206055,36.67487716674805],[34.892860412597656,36.8681755065918],[34.581634521484375,36.8681755065918],[34.2507209777832,36.67487716674805],[33.97906494140625,36.28839111328125],[33.2744140625,36.2239875793457],[32.713401794433594,36.03080368041992],[32.558349609375,36.03080368041992],[32.498512268066406,36.2239875793457],[31.91849136352539,36.67487716674805],[31.840749740600586,36.67487716674805],[31.76300811767578,36.67487716674805],[31.391563415527344,36.8681755065918],[30.619068145751953,36.932613372802734],[30.49193572998047,36.3527946472168],[30.02613639831543,36.3527946472168],[29.938032150268555,36.2239875793457],[29.239721298217773,36.2239875793457],[29.17217445373535,36.3527946472168],[29.254873275756836,36.417205810546875],[29.109657287597656,36.5460319519043],[29.114727020263672,36.61045455932617],[29.119813919067383,36.67487716674805],[28.512718200683594,36.8681755065918],[28.434911727905273,36.8681755065918],[28.03143882751465,36.67487716674805],[28.138330459594727,37.06150817871094],[27.597978591918945,37.12596130371094],[27.53919219970703,37.38381576538086],[27.22254180908203,37.3193473815918],[27.309988021850586,37.44829177856445],[27.16343116760254,37.5772590637207],[27.2558650970459,37.7707405090332],[27.177743911743164,37.7707405090332],[27.18254852294922,37.835243225097656],[27.1873722076416,37.89975357055664],[27.27528190612793,38.028785705566406],[26.888994216918945,38.09331130981445],[26.820327758789062,38.22237777709961],[26.42890739440918,38.22237777709961],[26.38368797302246,38.67427444458008],[26.535762786865234,38.60969924926758],[26.594974517822266,38.351463317871094],[27.06496238708496,38.351463317871094],[27.079774856567383,38.54513168334961],[26.849470138549805,38.60969924926758],[26.95786476135254,38.997230529785156],[26.81582260131836,39.19107437133789],[26.82089614868164,39.25570297241211],[26.742225646972656,39.25570297241211],[26.84657859802246,39.57893371582031],[26.132457733154297,39.51427459716797],[26.251623153686523,40.031734466552734],[26.25676918029785,40.0964469909668],[26.673099517822266,40.355369567871094],[26.752206802368164,40.355369567871094],[27.46982192993164,40.42012023925781],[27.537628173828125,40.29063034057617],[27.695789337158203,40.29063034057617],[27.792133331298828,40.4848747253418],[27.950454711914062,40.4848747253418],[27.938817977905273,40.355369567871094],[29.046321868896484,40.355369567871094],[28.900379180908203,40.4848747253418],[28.91274642944336,40.614410400390625],[29.40081214904785,40.74397277832031],[29.480079650878906,40.74397277832031],[30.807043075561523,40.54964065551758],[30.88623046875,40.54964065551758],[31.196033477783203,40.4848747253418],[31.714021682739258,40.873565673828125],[32.11802673339844,40.93837356567383],[32.1973762512207,40.93837356567383],[32.809322357177734,40.74397277832031],[32.90385055541992,40.873565673828125],[33.451271057128906,40.80876541137695],[34.34798812866211,41.00318908691406],[34.37046432495117,40.54964065551758],[34.449649810791016,40.54964065551758],[34.40975570678711,40.225894927978516],[34.3306999206543,40.225894927978516],[34.283992767333984,39.8376350402832],[34.362892150878906,39.8376350402832],[34.35519027709961,39.77294921875],[34.43406677246094,39.77294921875],[34.78961944580078,39.449623107910156],[36.07396697998047,39.64360046386719],[36.93256378173828,39.57893371582031],[38.473026275634766,39.320335388183594],[38.37684631347656,39.19107437133789],[38.67388153076172,39.06184005737305],[38.752479553222656,39.06184005737305],[39.44998550415039,38.416015625],[40.45067596435547,38.28691864013672],[40.598331451416016,38.22237777709961],[40.58050537109375,38.09331130981445],[41.66663360595703,38.028785705566406],[41.96101379394531,37.89975357055664],[42.50818634033203,37.89975357055664],[43.94475173950195,37.5772590637207],[44.41306686401367,37.5772590637207],[44.773807525634766,37.38381576538086],[44.74457931518555,37.1904182434082],[44.871337890625,36.9970588684082],[45.2508544921875,36.932613372802734],[45.44583511352539,37.1904182434082],[45.290000915527344,37.1904182434082],[45.25165939331055,37.44829177856445],[45.17365264892578,37.44829177856445],[45.22376251220703,37.7707405090332],[45.634883880615234,37.89975357055664],[45.85390853881836,38.28691864013672],[46.12089157104492,38.48057174682617],[47.25161361694336,38.67427444458008],[48.32598876953125,38.09331130981445],[48.795413970947266,38.09331130981445],[48.87364959716797,38.09331130981445],[48.82852554321289,37.835243225097656],[49.02931213378906,37.641746520996094],[49.0181770324707,37.5772590637207],[49.998783111572266,37.38381576538086],[50.320892333984375,36.9970588684082],[50.56571960449219,37.06150817871094],[50.632293701171875,36.9970588684082],[50.53199768066406,36.8681755065918],[50.82074737548828,36.73930740356445],[52.03045654296875,36.5460319519043],[52.108154296875,36.5460319519043],[52.18585205078125,36.5460319519043],[53.08772277832031,36.80373764038086],[54.033294677734375,36.8681755065918],[54.09466552734375,37.1904182434082],[53.97600173950195,37.38381576538086],[54.7032585144043,37.51277160644531],[54.845638275146484,37.835243225097656],[55.289100646972656,38.09331130981445],[56.22794723510742,38.09331130981445],[56.67421340942383,38.351463317871094],[57.550010681152344,38.416015625],[58.62698745727539,38.67427444458008],[60.25617599487305,39.25570297241211],[60.61840057373047,39.449623107910156],[60.650386810302734,39.57893371582031],[60.9494514465332,39.51427459716797],[62.50175094604492,40.031734466552734],[62.879478454589844,39.9670295715332],[63.46686935424805,40.0964469909668],[64.888916015625,40.0964469909668],[64.93218994140625,39.9670295715332],[65.2301254272461,39.90232849121094],[65.56378936767578,39.9670295715332],[66.2199478149414,39.77294921875],[68.53006744384766,39.57893371582031],[68.6238784790039,39.90232849121094],[68.99703216552734,40.0964469909668],[69.03570556640625,40.225894927978516],[69.27286529541016,40.225894927978516],[69.272216796875,40.4848747253418],[69.19305419921875,40.4848747253418],[69.27246856689453,40.74397277832031],[69.60967254638672,40.80876541137695],[69.80719757080078,40.6791877746582],[70.56432342529297,41.06801223754883],[70.68167877197266,40.93837356567383],[70.6405029296875,40.80876541137695],[70.77855682373047,40.74397277832031],[70.73768615722656,40.614410400390625],[69.84595489501953,40.29063034057617],[69.8856430053711,40.16116714477539],[69.33419799804688,39.90232849121094],[69.27700805664062,39.70827102661133],[69.3558578491211,39.70827102661133],[69.41573333740234,39.64360046386719],[69.2804946899414,39.449623107910156],[69.35923767089844,39.449623107910156],[69.36353302001953,39.19107437133789],[69.52082824707031,39.19107437133789],[69.40531158447266,39.06184005737305],[69.56787872314453,38.80344009399414],[70.316162109375,38.67427444458008],[70.35812377929688,38.54513168334961],[70.62996673583984,38.67427444458008],[70.59333038330078,38.54513168334961],[70.90694427490234,38.54513168334961],[70.88862609863281,38.48057174682617],[70.96700286865234,38.48057174682617],[71.20214080810547,38.48057174682617],[71.3639907836914,38.22237777709961],[71.77897644042969,38.028785705566406],[71.94124603271484,37.7707405090332],[72.09748840332031,37.7707405090332],[72.1396484375,37.641746520996094],[72.55420684814453,37.44829177856445],[72.63221740722656,37.44829177856445],[73.16024017333984,37.38381576538086],[73.74256134033203,37.51277160644531],[73.7659683227539,37.3193473815918],[74.1923599243164,37.44829177856445],[74.73841094970703,37.44829177856445],[75.01336669921875,37.3193473815918],[74.8438720703125,36.9970588684082],[74.81366729736328,36.61045455932617],[74.89138793945312,36.61045455932617],[74.88037872314453,36.28839111328125],[74.95799255371094,36.28839111328125],[75.19717407226562,35.45143127441406],[75.18009948730469,35.38706970214844],[75.2574234008789,35.38706970214844],[75.22338104248047,35.258358001708984],[75.38744354248047,35.00096893310547],[75.32040405273438,34.743614196777344],[75.50178527832031,34.55062484741211],[75.42472839355469,34.55062484741211],[75.43126678466797,33.971771240234375],[75.50814819335938,33.971771240234375],[75.4437255859375,33.71455001831055],[75.5205307006836,33.71455001831055],[75.31642150878906,32.557350158691406],[75.05690002441406,32.428794860839844],[74.8914794921875,32.043148040771484],[74.63334655761719,31.91460609436035],[74.56138610839844,31.593257904052734],[74.67115020751953,31.40045166015625],[74.60111999511719,31.079113006591797],[74.83638763427734,30.757776260375977],[74.71968078613281,30.564971923828125],[74.70621490478516,30.500701904296875],[74.13499450683594,30.307893753051758],[73.944091796875,30.115081787109375],[73.3622817993164,29.857990264892578],[73.41285705566406,29.729440689086914],[72.9877700805664,29.08665657043457],[72.38854217529297,28.700960159301758],[71.88823699951172,27.993812561035156],[71.64061737060547,27.865236282348633],[70.71566009521484,27.736658096313477],[70.73670196533203,27.865236282348633],[70.54254150390625,28.058101654052734],[70.39180755615234,28.058101654052734],[70.00714874267578,27.54378890991211],[69.84648132324219,27.4794979095459],[69.53202056884766,26.900876998901367],[69.20295715332031,26.70800018310547],[68.9971694946289,26.32224464416504],[68.80467987060547,24.264904022216797],[68.79707336425781,24.200613021850586],[68.78950500488281,24.136323928833008],[68.78197479248047,24.07203483581543],[68.77449035644531,24.00774574279785],[68.76703643798828,23.943456649780273],[68.84165954589844,23.943456649780273],[68.83423614501953,23.879167556762695],[68.7596206665039,23.879167556762695],[68.75223541259766,23.814878463745117],[68.6776351928711,23.814878463745117],[68.67029571533203,23.75058937072754],[68.595703125,23.75058937072754],[68.42479705810547,23.557723999023438],[68.12652587890625,23.557723999023438],[68.14812469482422,23.75058937072754],[68.15538787841797,23.814878463745117],[68.0807876586914,23.814878463745117],[67.63314819335938,23.814878463745117],[67.49114990234375,23.879167556762695],[67.43836975097656,24.07203483581543],[67.28907775878906,24.07203483581543],[67.32612609863281,24.393482208251953],[67.25143432617188,24.393482208251953],[67.2146987915039,24.714935302734375],[66.63204956054688,24.843517303466797],[66.61225891113281,25.29355812072754],[66.62029266357422,25.357851028442383],[66.54544067382812,25.357851028442383],[66.48676300048828,25.48643684387207],[66.270263671875,25.55072784423828],[66.02147674560547,25.357851028442383],[64.8160629272461,25.29355812072754],[64.80064392089844,25.164974212646484],[64.5090103149414,25.229267120361328],[64.4341812133789,25.229267120361328],[64.3593521118164,25.229267120361328],[64.22502136230469,25.357851028442383],[63.62620544433594,25.357851028442383],[63.536216735839844,25.229267120361328],[62.563419342041016,25.229267120361328],[62.47393035888672,25.100683212280273],[62.18195724487305,25.164974212646484],[62.01787185668945,25.03639030456543],[61.71868133544922,25.03639030456543],[61.65822219848633,25.164974212646484],[61.12736892700195,25.100683212280273],[60.91714859008789,25.229267120361328],[60.617828369140625,25.229267120361328],[60.63211441040039,25.357851028442383],[60.10105895996094,25.29355812072754],[59.44150924682617,25.422143936157227],[59.36664581298828,25.422143936157227],[59.35962677001953,25.357851028442383],[59.060218811035156,25.357851028442383],[58.78172302246094,25.55072784423828],[57.957984924316406,25.55072784423828],[57.7402229309082,25.615020751953125],[57.67921447753906,25.743606567382812],[57.37953567504883,25.743606567382812],[57.11480712890625,26.06507110595703],[57.05242156982422,26.836584091186523],[56.714656829833984,27.158044815063477],[56.188377380371094,27.158044815063477],[56.098140716552734,27.029460906982422],[56.32361602783203,27.029460906982422],[56.30864334106445,26.900876998901367],[56.06119155883789,26.70800018310547],[55.60341262817383,26.643707275390625],[55.439002990722656,26.515121459960938],[55.28888702392578,26.515121459960938],[55.31023025512695,26.70800018310547],[55.542747497558594,26.772293090820312],[55.242313385009766,26.772293090820312],[54.83156204223633,26.450830459594727],[54.25190734863281,26.643707275390625],[54.25889205932617,26.70800018310547],[54.18379592895508,26.70800018310547],[53.65812301635742,26.70800018310547],[53.46059036254883,26.96516990661621],[52.736968994140625,27.222335815429688],[52.478694915771484,27.608078002929688],[52.04855728149414,27.800947189331055],[51.45318603515625,27.865236282348633],[51.06624984741211,28.44382095336914],[51.028076171875,28.765243530273438],[50.80903244018555,28.829526901245117],[50.9150390625,29.08665657043457],[50.620323181152344,29.150936126708984],[50.65126037597656,29.40805435180664],[50.23628234863281,29.729440689086914],[50.056739807128906,30.115081787109375],[50.0648078918457,30.179353713989258],[49.98896026611328,30.179353713989258],[49.585899353027344,29.986536026000977],[48.942848205566406,30.307893753051758],[48.987266540527344,30.050809860229492],[48.67627716064453,29.986536026000977],[48.6004753112793,29.986536026000977],[48.38842010498047,30.115081787109375],[48.41168975830078,30.307893753051758],[48.27554702758789,30.436433792114258],[48.04780960083008,30.436433792114258],[48.103145599365234,30.886310577392578],[47.738956451416016,31.014846801757812],[47.79570007324219,31.464719772338867],[47.98128890991211,31.7217960357666],[47.70976638793945,31.978878021240234],[47.974830627441406,32.81447219848633],[47.82174301147461,32.81447219848633],[47.4151496887207,33.20018768310547],[46.67476272583008,33.393062591552734],[46.71001052856445,33.65024948120117],[46.14847946166992,34.03607940673828],[45.91777801513672,34.03607940673828],[45.968299865722656,33.84315490722656],[45.891456604003906,33.84315490722656],[45.856727600097656,33.5859489440918],[46.069705963134766,33.45735549926758],[46.052490234375,33.32876968383789],[45.899105072021484,33.32876968383789],[45.46541976928711,32.94303894042969],[45.09897232055664,33.07160949707031],[44.631141662597656,33.00732421875],[44.57079315185547,33.13589859008789],[44.41752243041992,33.13589859008789],[44.24814987182617,33.00732421875],[44.208351135253906,32.685909271240234],[43.91015625,32.75019073486328],[43.42790222167969,32.557350158691406],[43.3514289855957,32.557350158691406],[43.152584075927734,32.81447219848633],[42.708534240722656,32.94303894042969],[42.578269958496094,33.13589859008789],[41.48860549926758,33.65024948120117],[41.211639404296875,33.90746307373047],[40.91171646118164,33.971771240234375],[40.84990692138672,34.10039138793945],[40.31147003173828,34.10039138793945],[40.403316497802734,34.22901916503906],[40.25685501098633,34.2933349609375],[39.27786636352539,34.48630142211914],[39.270606994628906,34.42197799682617],[39.19358825683594,34.42197799682617],[39.20083236694336,34.48630142211914],[39.12379455566406,34.48630142211914],[37.990238189697266,33.971771240234375],[37.73945236206055,33.77885055541992]],[[31.678394317626953,37.44829177856445],[31.600387573242188,37.44829177856445],[31.59439468383789,37.38381576538086],[31.588424682617188,37.3193473815918],[31.666385650634766,37.3193473815918],[31.672380447387695,37.38381576538086],[31.678394317626953,37.44829177856445]],[[35.51771545410156,33.84315490722656],[35.59455490112305,33.84315490722656],[35.60073471069336,33.90746307373047],[35.52387237548828,33.90746307373047],[35.51771545410156,33.84315490722656]],[[34.84067153930664,32.30024337768555],[34.91707229614258,32.30024337768555],[34.922672271728516,32.36451721191406],[34.846256256103516,32.36451721191406],[34.84067153930664,32.30024337768555]],[[47.39807891845703,38.157840728759766],[47.47633743286133,38.157840728759766],[47.487335205078125,38.22237777709961],[47.40904998779297,38.22237777709961],[47.39807891845703,38.157840728759766]],[[47.42006301879883,38.28691864013672],[47.431114196777344,38.351463317871094],[47.352783203125,38.351463317871094],[47.34175491333008,38.28691864013672],[47.42006301879883,38.28691864013672]],[[53.604042053222656,31.593257904052734],[53.61362838745117,31.65752601623535],[53.53740310668945,31.65752601623535],[53.52783203125,31.593257904052734],[53.604042053222656,31.593257904052734]],[[53.651641845703125,31.40045166015625],[53.72779846191406,31.40045166015625],[53.7373161315918,31.464719772338867],[53.66114044189453,31.464719772338867],[53.651641845703125,31.40045166015625]],[[73.7006607055664,35.644527435302734],[73.62326049804688,35.644527435302734],[73.54586029052734,35.644527435302734],[73.52909851074219,35.58015823364258],[73.85546875,35.644527435302734],[73.77806091308594,35.644527435302734],[73.7006607055664,35.644527435302734]],[[73.82182312011719,35.51579284667969],[73.60229229265785,35.56406410986413],[73.5897445678711,35.51579284667969],[73.66710662841797,35.51579284667969],[73.74446105957031,35.51579284667969],[73.82182312011719,35.51579284667969]],[[72.5562515258789,33.52165222167969],[72.63299560546875,33.52165222167969],[72.64820861816406,33.5859489440918],[72.57144165039062,33.5859489440918],[72.5562515258789,33.52165222167969]],[[60.95139694213867,37.1904182434082],[60.96575927734375,37.254878997802734],[60.887821197509766,37.254878997802734],[60.87348175048828,37.1904182434082],[60.95139694213867,37.1904182434082]],[[56.96971130371094,35.58015823364258],[57.047088623046875,35.58015823364258],[57.05944061279297,35.644527435302734],[56.98204040527344,35.644527435302734],[56.96971130371094,35.58015823364258]],[[72.80510711669922,35.77327346801758],[72.8825454711914,35.77327346801758],[72.8992691040039,35.837650299072266],[72.8218002319336,35.837650299072266],[72.80510711669922,35.77327346801758]]],[[[38.761260986328125,39.1264533996582],[38.682640075683594,39.1264533996582],[38.691429138183594,39.19107437133789],[38.770076751708984,39.19107437133789],[38.761260986328125,39.1264533996582]]],[[[22.496421813964844,40.614410400390625],[22.57563591003418,40.614410400390625],[22.654850006103516,40.614410400390625],[22.650768280029297,40.54964065551758],[22.57158088684082,40.54964065551758],[22.543659210205078,40.0964469909668],[22.701663970947266,40.0964469909668],[22.697689056396484,40.031734466552734],[22.212478637695312,39.8376350402832],[21.91537094116211,40.16116714477539],[22.17564582824707,40.54964065551758],[22.254833221435547,40.54964065551758],[22.334020614624023,40.54964065551758],[22.413206100463867,40.54964065551758],[22.492393493652344,40.54964065551758],[22.496421813964844,40.614410400390625]]],[[[22.888330459594727,40.54964065551758],[22.89249038696289,40.614410400390625],[23.689075469970703,40.6791877746582],[23.684629440307617,40.614410400390625],[23.763843536376953,40.614410400390625],[23.759387969970703,40.54964065551758],[23.83857536315918,40.54964065551758],[23.834110260009766,40.4848747253418],[23.82966423034668,40.42012023925781],[23.750530242919922,40.42012023925781],[23.73737335205078,40.225894927978516],[23.6583194732666,40.225894927978516],[22.959190368652344,40.42012023925781],[22.888330459594727,40.54964065551758]]],[[[22.1795654296875,40.614410400390625],[22.17564582824707,40.54964065551758],[22.096458435058594,40.54964065551758],[22.100351333618164,40.614410400390625],[22.1795654296875,40.614410400390625]]],[[[70.41947937011719,40.355369567871094],[70.34037017822266,40.355369567871094],[70.36038208007812,40.42012023925781],[70.43951416015625,40.42012023925781],[70.41947937011719,40.355369567871094]]]]}},{"type":"Feature","properties":{"Name":"Kingdom of Armenia","FromYear":-318,"ToYear":-316,"Area":241980.35988882065,"Type":"POLITY","Wikipedia":"Kingdom of Armenia (antiquity)","SeshatID":"","MemberOf":"","Components":""},"geometry":{"type":"MultiPolygon","coordinates":[[[[45.12375259399414,41.32738494873047],[45.258575439453125,41.19768524169922],[45.234519958496094,41.06801223754883],[45.47273254394531,41.06801223754883],[45.6746711730957,40.873565673828125],[45.492156982421875,40.74397277832031],[45.52407455444336,40.4848747253418],[46.493221282958984,40.16116714477539],[46.536746978759766,39.9670295715332],[46.773597717285156,39.9670295715332],[47.053768157958984,39.77294921875],[47.381195068359375,39.8376350402832],[47.51506805419922,39.70827102661133],[48.30354690551758,39.70827102661133],[48.673282623291016,39.57893371582031],[48.80645751953125,39.449623107910156],[48.782222747802734,39.320335388183594],[48.92751693725586,39.25570297241211],[48.74217987060547,38.67427444458008],[48.82062911987305,38.67427444458008],[48.80677032470703,38.157840728759766],[48.795413970947266,38.09331130981445],[48.32598876953125,38.09331130981445],[47.25161361694336,38.67427444458008],[46.12089157104492,38.48057174682617],[45.85390853881836,38.28691864013672],[45.634883880615234,37.89975357055664],[45.22376251220703,37.7707405090332],[45.17365264892578,37.44829177856445],[45.25165939331055,37.44829177856445],[45.290000915527344,37.1904182434082],[45.44583511352539,37.1904182434082],[45.2508544921875,36.932613372802734],[44.871337890625,36.9970588684082],[44.74457931518555,37.1904182434082],[44.773807525634766,37.38381576538086],[44.41306686401367,37.5772590637207],[43.94475173950195,37.5772590637207],[42.50818634033203,37.89975357055664],[41.96101379394531,37.89975357055664],[41.66663360595703,38.028785705566406],[40.58050537109375,38.09331130981445],[40.598331451416016,38.22237777709961],[40.45067596435547,38.28691864013672],[39.44998550415039,38.416015625],[38.752479553222656,39.06184005737305],[38.761260986328125,39.1264533996582],[38.9452018737793,39.320335388183594],[38.86650466918945,39.320335388183594],[38.893436431884766,39.51427459716797],[38.74488830566406,39.57893371582031],[38.92983627319336,39.77294921875],[38.790401458740234,39.90232849121094],[40.39818572998047,40.0964469909668],[40.42782974243164,40.29063034057617],[40.764312744140625,40.42012023925781],[40.547061920166016,40.54964065551758],[40.57756042480469,40.74397277832031],[40.84642791748047,40.93837356567383],[41.005123138427734,40.93837356567383],[41.12204360961914,40.6791877746582],[41.359764099121094,40.6791877746582],[41.534793853759766,41.26253128051758],[42.25017166137695,41.26253128051758],[42.36305618286133,41.45711898803711],[42.29466247558594,41.521995544433594],[42.53345489501953,41.521995544433594],[42.55607604980469,41.65177917480469],[43.78364562988281,41.39224624633789],[44.034027099609375,41.45711898803711],[44.237335205078125,41.26253128051758],[45.04423904418945,41.32738494873047],[45.12375259399414,41.32738494873047]]],[[[47.06560134887695,39.8376350402832],[47.077476501464844,39.90232849121094],[47.156402587890625,39.90232849121094],[47.144500732421875,39.8376350402832],[47.06560134887695,39.8376350402832]]],[[[46.91962814331055,39.90232849121094],[46.93149948120117,39.9670295715332],[47.01044845581055,39.9670295715332],[46.99855422973633,39.90232849121094],[46.91962814331055,39.90232849121094]]]]}},{"type":"Feature","properties":{"Name":"(Seleucid Empire)","FromYear":-318,"ToYear":-316,"Area":116883.42698719043,"Type":"POLITY","Wikipedia":"Seleucid dynasty","SeshatID":"","MemberOf":"","Components":"Seleucus I Nicator"},"geometry":{"type":"Polygon","coordinates":[[[48.592803955078125,29.922264099121094],[48.36544418334961,29.922264099121094],[48.40353012084961,29.600887298583984],[48.09330749511719,29.536611557006836],[47.646427154541016,29.600887298583984],[47.28971481323242,29.79371452331543],[46.97944259643555,29.729440689086914],[46.99397659301758,29.857990264892578],[46.84971618652344,29.922264099121094],[46.61511993408203,29.857990264892578],[46.590572357177734,30.307893753051758],[45.77046203613281,30.436433792114258],[44.95460891723633,31.271915435791016],[44.5814208984375,31.336183547973633],[44.459014892578125,31.593257904052734],[43.420249938964844,32.493072509765625],[43.42790222167969,32.557350158691406],[43.91015625,32.75019073486328],[44.208351135253906,32.685909271240234],[44.24814987182617,33.00732421875],[44.41752243041992,33.13589859008789],[44.57079315185547,33.13589859008789],[44.631141662597656,33.00732421875],[45.09897232055664,33.07160949707031],[45.46541976928711,32.94303894042969],[45.899105072021484,33.32876968383789],[46.052490234375,33.32876968383789],[46.069705963134766,33.45735549926758],[45.856727600097656,33.5859489440918],[45.891456604003906,33.84315490722656],[45.968299865722656,33.84315490722656],[45.91777801513672,34.03607940673828],[46.14847946166992,34.03607940673828],[46.71001052856445,33.65024948120117],[46.67476272583008,33.393062591552734],[47.4151496887207,33.20018768310547],[47.82174301147461,32.81447219848633],[47.974830627441406,32.81447219848633],[47.70976638793945,31.978878021240234],[47.98128890991211,31.7217960357666],[47.79570007324219,31.464719772338867],[47.738956451416016,31.014846801757812],[48.103145599365234,30.886310577392578],[48.04780960083008,30.436433792114258],[48.27554702758789,30.436433792114258],[48.41168975830078,30.307893753051758],[48.38842010498047,30.115081787109375],[48.6004753112793,29.986536026000977],[48.592803955078125,29.922264099121094]]]}},{"type":"Feature","properties":{"Name":"Leonnatus","FromYear":-318,"ToYear":-316,"Area":86421.0552052776,"Type":"LEADER","Wikipedia":"Leonnatus","SeshatID":"gr_macedonian_emp","MemberOf":"(Macedonian Empire)","Components":""},"geometry":{"type":"Polygon","coordinates":[[[32.505977630615234,39.449623107910156],[31.810773849487305,39.57893371582031],[31.673505783081055,39.77294921875],[31.44363784790039,39.8376350402832],[30.733549118041992,39.8376350402832],[30.746671676635742,39.9670295715332],[30.51634407043457,40.031734466552734],[30.0424861907959,40.031734466552734],[29.519630432128906,39.51427459716797],[29.556629180908203,39.06184005737305],[28.69768714904785,39.1264533996582],[28.16382598876953,39.320335388183594],[27.764951705932617,39.25570297241211],[27.618318557739258,39.38497543334961],[26.909828186035156,39.38497543334961],[26.82089614868164,39.25570297241211],[26.742225646972656,39.25570297241211],[26.84657859802246,39.57893371582031],[26.132457733154297,39.51427459716797],[26.251623153686523,40.031734466552734],[26.25676918029785,40.0964469909668],[26.673099517822266,40.355369567871094],[26.752206802368164,40.355369567871094],[27.46982192993164,40.42012023925781],[27.537628173828125,40.29063034057617],[27.695789337158203,40.29063034057617],[27.792133331298828,40.4848747253418],[27.950454711914062,40.4848747253418],[27.938817977905273,40.355369567871094],[29.046321868896484,40.355369567871094],[28.900379180908203,40.4848747253418],[28.91274642944336,40.614410400390625],[29.40081214904785,40.74397277832031],[29.480079650878906,40.74397277832031],[30.807043075561523,40.54964065551758],[30.88623046875,40.54964065551758],[31.196033477783203,40.4848747253418],[31.714021682739258,40.873565673828125],[32.11802673339844,40.93837356567383],[32.1973762512207,40.93837356567383],[32.809322357177734,40.74397277832031],[32.90385055541992,40.873565673828125],[33.451271057128906,40.80876541137695],[34.34798812866211,41.00318908691406],[34.37046432495117,40.54964065551758],[34.449649810791016,40.54964065551758],[34.40975570678711,40.225894927978516],[34.3306999206543,40.225894927978516],[34.283992767333984,39.8376350402832],[34.362892150878906,39.8376350402832],[34.35519027709961,39.77294921875],[34.024593353271484,39.64360046386719],[33.8372917175293,39.38497543334961],[33.50076675415039,39.19107437133789],[32.584720611572266,39.449623107910156],[32.505977630615234,39.449623107910156]]]}},{"type":"Feature","properties":{"Name":"Arcesilas","FromYear":-318,"ToYear":-316,"Area":301671.8610148116,"Type":"LEADER","Wikipedia":"Arcesilaus (satrap)","SeshatID":"gr_macedonian_emp","MemberOf":"(Macedonian Empire)","Components":""},"geometry":{"type":"Polygon","coordinates":[[[45.2508544921875,36.932613372802734],[44.871337890625,36.9970588684082],[44.74457931518555,37.1904182434082],[44.773807525634766,37.38381576538086],[44.41306686401367,37.5772590637207],[43.94475173950195,37.5772590637207],[42.50818634033203,37.89975357055664],[41.96101379394531,37.89975357055664],[41.66663360595703,38.028785705566406],[40.58050537109375,38.09331130981445],[39.25047302246094,38.09331130981445],[39.599029541015625,37.7707405090332],[39.54883575439453,37.38381576538086],[39.306678771972656,37.3193473815918],[39.29850769042969,37.254878997802734],[38.26960754394531,37.12596130371094],[38.176177978515625,36.9970588684082],[38.02047348022461,36.9970588684082],[37.89700698852539,36.61045455932617],[38.31373977661133,35.51579284667969],[38.46112060546875,35.45143127441406],[38.51651382446289,35.258358001708984],[38.81826400756836,35.194007873535156],[38.873504638671875,35.00096893310547],[38.95070266723633,35.00096893310547],[39.16754913330078,34.87228775024414],[39.20083236694336,34.48630142211914],[39.27786636352539,34.48630142211914],[40.25685501098633,34.2933349609375],[40.403316497802734,34.22901916503906],[40.31147003173828,34.10039138793945],[40.84990692138672,34.10039138793945],[40.91171646118164,33.971771240234375],[41.211639404296875,33.90746307373047],[41.48860549926758,33.65024948120117],[42.578269958496094,33.13589859008789],[42.708534240722656,32.94303894042969],[43.152584075927734,32.81447219848633],[43.3514289855957,32.557350158691406],[43.42790222167969,32.557350158691406],[43.91015625,32.75019073486328],[44.208351135253906,32.685909271240234],[44.24814987182617,33.00732421875],[44.41752243041992,33.13589859008789],[44.57079315185547,33.13589859008789],[44.631141662597656,33.00732421875],[45.09897232055664,33.07160949707031],[45.46541976928711,32.94303894042969],[45.899105072021484,33.32876968383789],[46.052490234375,33.32876968383789],[46.069705963134766,33.45735549926758],[45.856727600097656,33.5859489440918],[45.891456604003906,33.84315490722656],[45.968299865722656,33.84315490722656],[45.91777801513672,34.03607940673828],[46.14847946166992,34.03607940673828],[46.143192291259766,34.55062484741211],[45.95730209350586,34.87228775024414],[45.993961334228516,35.12965774536133],[45.58554458618164,35.51579284667969],[45.14886474609375,35.708900451660156],[45.2508544921875,36.932613372802734]]]}},{"type":"Feature","properties":{"Name":"Peucestas","FromYear":-318,"ToYear":-316,"Area":294206.94878081913,"Type":"LEADER","Wikipedia":"Peucestas","SeshatID":"gr_macedonian_emp","MemberOf":"(Macedonian Empire)","Components":""},"geometry":{"type":"Polygon","coordinates":[[[56.24154281616211,32.81447219848633],[55.34426498413086,32.94303894042969],[51.98460006713867,33.00732421875],[52.64399337768555,32.81447219848633],[52.767269134521484,32.62162780761719],[52.84375762939453,32.62162780761719],[53.29999923706055,32.107421875],[53.452693939208984,32.107421875],[53.451622009277344,31.593257904052734],[53.52783203125,31.593257904052734],[53.53740310668945,31.65752601623535],[53.61362838745117,31.65752601623535],[53.604042053222656,31.593257904052734],[53.594486236572266,31.528987884521484],[53.670677185058594,31.528987884521484],[53.66114044189453,31.464719772338867],[53.7373161315918,31.464719772338867],[53.72779846191406,31.40045166015625],[53.795772552490234,30.822044372558594],[52.947052001953125,30.179353713989258],[50.89090347290039,30.115081787109375],[50.232810974121094,30.307893753051758],[50.0648078918457,30.179353713989258],[50.056739807128906,30.115081787109375],[50.23628234863281,29.729440689086914],[50.65126037597656,29.40805435180664],[50.620323181152344,29.150936126708984],[50.9150390625,29.08665657043457],[50.80903244018555,28.829526901245117],[51.028076171875,28.765243530273438],[51.06624984741211,28.44382095336914],[51.45318603515625,27.865236282348633],[52.04855728149414,27.800947189331055],[52.478694915771484,27.608078002929688],[52.736968994140625,27.222335815429688],[53.46059036254883,26.96516990661621],[53.65812301635742,26.70800018310547],[54.18379592895508,26.70800018310547],[54.25889205932617,26.70800018310547],[55.15068817138672,27.2866268157959],[55.173282623291016,27.4794979095459],[55.3314094543457,27.54378890991211],[55.35453796386719,27.736658096313477],[55.52080154418945,27.865236282348633],[55.830047607421875,27.92952537536621],[56.0965690612793,28.25096321105957],[56.24738311767578,28.25096321105957],[56.82587814331055,28.636676788330078],[57.06474304199219,29.279497146606445],[56.98910903930664,29.279497146606445],[57.016212463378906,29.472333908081055],[56.68341827392578,29.79371452331543],[56.739479064941406,30.179353713989258],[57.20622634887695,30.757776260375977],[57.68225860595703,30.886310577392578],[58.18979263305664,31.20764923095703],[58.25276184082031,31.593257904052734],[57.95848846435547,31.65752601623535],[57.77224349975586,31.91460609436035],[57.61965560913086,31.91460609436035],[57.59699249267578,32.23596954345703],[57.258304595947266,32.493072509765625],[56.24154281616211,32.81447219848633]]]}},{"type":"Feature","properties":{"Name":"Italics","FromYear":-318,"ToYear":-302,"Area":62762.806403111186,"Type":"GROUP","Wikipedia":"Italic peoples","SeshatID":"","MemberOf":"","Components":""},"geometry":{"type":"Polygon","coordinates":[[[13.906397819519043,43.016544342041016],[13.98537540435791,42.95146560668945],[13.901384353637695,42.75628662109375],[14.370945930480957,42.236209869384766],[14.530768394470215,42.236209869384766],[14.607714653015137,42.10627746582031],[14.768959999084473,42.17123794555664],[14.765887260437012,42.041324615478516],[14.9239501953125,41.97637939453125],[15.165011405944824,42.041324615478516],[15.241438865661621,41.911441802978516],[16.11888313293457,41.911441802978516],[16.114879608154297,41.781593322753906],[15.87384033203125,41.71668243408203],[15.943941116333008,41.39224624633789],[16.732860565185547,41.19768524169922],[17.436086654663086,40.873565673828125],[17.510658264160156,40.74397277832031],[17.825260162353516,40.6791877746582],[17.82280158996582,40.614410400390625],[17.503604888916016,40.54964065551758],[17.508296966552734,40.6791877746582],[16.876516342163086,40.74397277832031],[16.551347732543945,40.4848747253418],[16.549346923828125,40.42012023925781],[16.30623435974121,40.225894927978516],[16.37958335876465,40.031734466552734],[16.140850067138672,39.9670295715332],[16.146291732788086,40.16116714477539],[15.990015983581543,40.225894927978516],[15.515687942504883,40.225894927978516],[15.054890632629395,40.80876541137695],[14.737711906433105,40.80876541137695],[14.742023468017578,41.00318908691406],[14.187646865844727,41.06801223754883],[14.033703804016113,41.32738494873047],[13.717885971069336,41.45711898803711],[13.63831615447998,41.45711898803711],[13.002631187438965,41.521995544433594],[12.927313804626465,41.84651184082031],[13.0867919921875,41.84651184082031],[13.088639259338379,41.97637939453125],[12.69044303894043,42.041324615478516],[12.612899780273438,42.236209869384766],[12.45307731628418,42.236209869384766],[12.374523162841797,42.36617660522461],[12.375204086303711,42.43117141723633],[12.375885963439941,42.496177673339844],[12.455913543701172,42.496177673339844],[12.456626892089844,42.56119155883789],[12.457341194152832,42.62621307373047],[12.458056449890137,42.691246032714844],[12.458772659301758,42.75628662109375],[12.37862777709961,42.75628662109375],[12.379316329956055,42.82133865356445],[12.3800048828125,42.88639831542969],[12.380695343017578,42.95146560668945],[12.300460815429688,42.95146560668945],[12.306416511535645,43.53750228881836],[11.825298309326172,43.79821014404297],[11.744671821594238,43.79821014404297],[11.907940864562988,44.05907440185547],[12.311690330505371,44.05907440185547],[12.471033096313477,43.86341094970703],[12.71219253540039,43.79821014404297],[12.710566520690918,43.6678352355957],[12.953167915344238,43.73301696777344],[13.112428665161133,43.6026611328125],[13.434568405151367,43.6026611328125],[13.672640800476074,43.407203674316406],[13.826133728027344,43.016544342041016],[13.906397819519043,43.016544342041016]],[[15.544473648071289,41.32738494873047],[15.784856796264648,41.39224624633789],[15.712631225585938,41.65177917480469],[15.394014358520508,41.65177917480469],[15.151774406433105,41.521995544433594],[15.146903038024902,41.32738494873047],[15.542722702026367,41.26253128051758],[15.544473648071289,41.32738494873047]]]}},{"type":"Feature","properties":{"Name":"Greek City-States","FromYear":-318,"ToYear":-308,"Area":162753.72755324494,"Type":"POLITY","Wikipedia":"Polis","SeshatID":"","MemberOf":"","Components":""},"geometry":{"type":"MultiPolygon","coordinates":[[[[24.149879455566406,35.38706970214844],[24.30097007751465,35.32271194458008],[25.69233512878418,35.32271194458008],[25.680648803710938,35.12965774536133],[26.22533416748047,35.194007873535156],[26.140073776245117,35.065311431884766],[24.823745727539062,35.00096893310547],[24.7574462890625,35.194007873535156],[24.52567481994629,35.194007873535156],[24.44841766357422,35.194007873535156],[23.679210662841797,35.258358001708984],[23.615402221679688,35.51579284667969],[24.156919479370117,35.51579284667969],[24.149879455566406,35.38706970214844]]],[[[22.887205123901367,36.417205810546875],[22.964859008789062,36.417205810546875],[23.116798400878906,36.3527946472168],[23.10675048828125,36.15959167480469],[22.87404441833496,36.15959167480469],[22.887205123901367,36.417205810546875]]],[[[25.339021682739258,37.12596130371094],[25.416915893554688,37.12596130371094],[25.57270622253418,37.12596130371094],[25.56435775756836,36.9970588684082],[25.330806732177734,36.9970588684082],[25.339021682739258,37.12596130371094]]],[[[24.986202239990234,37.706241607666016],[25.064300537109375,37.706241607666016],[25.220497131347656,37.706241607666016],[25.285974502563477,37.51277160644531],[25.0518856048584,37.51277160644531],[24.986202239990234,37.706241607666016]]],[[[24.28331756591797,37.706241607666016],[24.36141586303711,37.706241607666016],[24.43158721923828,37.5772590637207],[24.27158546447754,37.51277160644531],[24.201318740844727,37.641746520996094],[24.28331756591797,37.706241607666016]]],[[[20.621307373046875,37.89975357055664],[20.69947624206543,37.89975357055664],[20.933977127075195,37.89975357055664],[20.922147750854492,37.641746520996094],[20.612695693969727,37.706241607666016],[20.621307373046875,37.89975357055664]]],[[[24.694225311279297,38.028785705566406],[24.772438049316406,38.028785705566406],[25.068470001220703,37.7707405090332],[24.830005645751953,37.706241607666016],[24.681930541992188,37.835243225097656],[24.694225311279297,38.028785705566406]]],[[[20.488054275512695,38.416015625],[20.566410064697266,38.416015625],[20.795446395874023,38.28691864013672],[20.7864933013916,38.09331130981445],[20.319902420043945,38.157840728759766],[20.328466415405273,38.351463317871094],[20.488054275512695,38.416015625]]],[[[25.820756912231445,38.48057174682617],[25.912982940673828,38.67427444458008],[25.99143409729004,38.67427444458008],[26.217344284057617,38.54513168334961],[26.111188888549805,38.157840728759766],[25.876405715942383,38.157840728759766],[25.89913558959961,38.48057174682617],[25.820756912231445,38.48057174682617]]],[[[23.312631607055664,38.48057174682617],[23.626148223876953,38.48057174682617],[23.563383102416992,38.738853454589844],[24.030162811279297,38.67427444458008],[24.178871154785156,38.54513168334961],[24.158668518066406,38.22237777709961],[24.002099990844727,38.22237777709961],[23.9786319732666,37.835243225097656],[23.44280242919922,38.028785705566406],[23.208162307739258,38.028785705566406],[23.20083236694336,37.89975357055664],[23.044498443603516,37.89975357055664],[23.108261108398438,37.641746520996094],[23.342487335205078,37.641746520996094],[23.413257598876953,37.51277160644531],[23.402393341064453,37.3193473815918],[23.168506622314453,37.3193473815918],[23.101137161254883,37.51277160644531],[22.71442985534668,37.5772590637207],[22.700735092163086,37.3193473815918],[22.853219985961914,37.254878997802734],[23.056013107299805,36.67487716674805],[22.83283233642578,36.8681755065918],[22.59941291809082,36.8681755065918],[22.51182746887207,36.67487716674805],[22.35634422302246,36.67487716674805],[22.21999168395996,37.06150817871094],[21.90850067138672,37.06150817871094],[21.899152755737305,36.8681755065918],[21.743539810180664,36.8681755065918],[21.67182159423828,36.9970588684082],[21.612354278564453,37.38381576538086],[21.696598052978516,37.51277160644531],[21.243581771850586,37.835243225097656],[21.249725341796875,37.96426773071289],[21.415550231933594,38.157840728759766],[21.728593826293945,38.157840728759766],[21.738431930541992,38.351463317871094],[21.19325065612793,38.416015625],[20.973709106445312,38.738853454589844],[20.74135398864746,38.80344009399414],[20.829214096069336,38.997230529785156],[21.143505096435547,38.997230529785156],[21.14674949645996,39.06184005737305],[21.471250534057617,39.25570297241211],[21.091083526611328,39.51427459716797],[21.101125717163086,39.70827102661133],[21.272624969482422,39.9670295715332],[21.82527732849121,39.9670295715332],[21.91537094116211,40.16116714477539],[22.212478637695312,39.8376350402832],[22.697689056396484,40.031734466552734],[22.69373321533203,39.9670295715332],[22.610868453979492,39.90232849121094],[22.764768600463867,39.8376350402832],[22.756925582885742,39.70827102661133],[23.135168075561523,39.449623107910156],[22.816326141357422,39.38497543334961],[22.797286987304688,39.06184005737305],[22.95830535888672,39.1264533996582],[23.10781478881836,38.997230529785156],[23.34353256225586,38.997230529785156],[23.488826751708984,38.80344009399414],[23.178667068481445,38.8680305480957],[23.182519912719727,38.93262481689453],[22.943096160888672,38.8680305480957],[22.935583114624023,38.738853454589844],[23.16720199584961,38.67427444458008],[23.312631607055664,38.48057174682617]],[[23.059024810791016,38.157840728759766],[22.980764389038086,38.157840728759766],[22.977134704589844,38.09331130981445],[23.05537223815918,38.09331130981445],[23.059024810791016,38.157840728759766]],[[22.9061222076416,38.22237777709961],[22.745981216430664,38.157840728759766],[22.83506965637207,38.351463317871094],[22.51470184326172,38.22237777709961],[22.603641510009766,38.416015625],[22.29022216796875,38.416015625],[22.439908981323242,38.28691864013672],[22.436416625976562,38.22237777709961],[22.589460372924805,38.157840728759766],[22.657155990600586,37.96426773071289],[22.969919204711914,37.96426773071289],[22.9061222076416,38.22237777709961]],[[22.984405517578125,38.22237777709961],[22.988061904907227,38.28691864013672],[22.909753799438477,38.28691864013672],[22.9061222076416,38.22237777709961],[22.984405517578125,38.22237777709961]],[[22.35123634338379,38.09331130981445],[22.429473876953125,38.09331130981445],[22.432939529418945,38.157840728759766],[22.354679107666016,38.157840728759766],[22.35123634338379,38.09331130981445]],[[22.198156356811523,38.157840728759766],[22.276418685913086,38.157840728759766],[22.279848098754883,38.22237777709961],[22.20156478881836,38.22237777709961],[22.198156356811523,38.157840728759766]],[[22.35813331604004,38.22237777709961],[22.361600875854492,38.28691864013672],[22.283292770385742,38.28691864013672],[22.279848098754883,38.22237777709961],[22.35813331604004,38.22237777709961]]],[[[23.56732749938965,38.80344009399414],[23.563383102416992,38.738853454589844],[23.484909057617188,38.738853454589844],[23.488826751708984,38.80344009399414],[23.56732749938965,38.80344009399414]]],[[[17.82280158996582,40.614410400390625],[17.902015686035156,40.614410400390625],[18.364234924316406,40.29063034057617],[18.43811798095703,40.16116714477539],[18.34894371032715,39.90232849121094],[18.11216926574707,39.90232849121094],[17.813072204589844,40.355369567871094],[17.41753578186035,40.355369567871094],[17.345230102539062,40.54964065551758],[17.02848243713379,40.54964065551758],[16.867990493774414,40.4848747253418],[16.945016860961914,40.42012023925781],[16.861696243286133,40.29063034057617],[16.624452590942383,40.29063034057617],[16.697484970092773,40.0964469909668],[16.45665168762207,39.9670295715332],[16.44725799560547,39.64360046386719],[16.916194915771484,39.51427459716797],[17.069679260253906,39.38497543334961],[17.138301849365234,39.06184005737305],[16.502395629882812,38.80344009399414],[16.491945266723633,38.416015625],[15.932764053344727,37.96426773071289],[15.698192596435547,37.96426773071289],[15.62426471710205,38.157840728759766],[15.389483451843262,38.157840728759766],[15.066489219665527,37.641746520996094],[15.059245109558105,37.254878997802734],[15.213889122009277,37.1904182434082],[15.210210800170898,36.9970588684082],[15.049844741821289,36.73930740356445],[14.661029815673828,36.73930740356445],[14.27791690826416,37.12596130371094],[13.578389167785645,37.254878997802734],[13.192005157470703,37.5772590637207],[12.724225044250488,37.641746520996094],[12.725305557250977,37.7707405090332],[12.960283279418945,37.835243225097656],[14.744194984436035,37.06150817871094],[14.977813720703125,37.06150817871094],[14.751935005187988,37.51277160644531],[14.834580421447754,37.7707405090332],[15.152132987976074,38.028785705566406],[15.154701232910156,38.157840728759766],[15.941911697387695,38.351463317871094],[15.949724197387695,38.67427444458008],[16.265209197998047,38.738853454589844],[16.270299911499023,38.93262481689453],[16.116540908813477,39.06184005737305],[15.898874282836914,39.77294921875],[15.665508270263672,39.90232849121094],[15.747773170471191,40.031734466552734],[15.431868553161621,40.031734466552734],[14.963752746582031,40.29063034057617],[14.893351554870605,40.6791877746582],[15.05335807800293,40.74397277832031],[15.054890632629395,40.80876541137695],[15.515687942504883,40.225894927978516],[15.990015983581543,40.225894927978516],[16.146291732788086,40.16116714477539],[16.140850067138672,39.9670295715332],[16.37958335876465,40.031734466552734],[16.30623435974121,40.225894927978516],[16.549346923828125,40.42012023925781],[16.551347732543945,40.4848747253418],[16.876516342163086,40.74397277832031],[17.508296966552734,40.6791877746582],[17.503604888916016,40.54964065551758],[17.82280158996582,40.614410400390625]]],[[[24.364974975585938,38.997230529785156],[24.443546295166016,38.997230529785156],[24.674930572509766,38.93262481689453],[24.662033081054688,38.738853454589844],[24.35651969909668,38.8680305480957],[24.364974975585938,38.997230529785156]]],[[[-0.313707679510117,39.1264533996582],[0.096056789159775,38.80344009399414],[-0.125997006893158,38.54513168334961],[-0.538960754871368,38.93262481689453],[-0.567464292049408,39.449623107910156],[-0.571073591709137,39.51427459716797],[-0.51402348279953,39.90232849121094],[-0.201878547668457,39.9670295715332],[-0.345421016216278,39.70827102661133],[-0.313707679510117,39.1264533996582]]],[[[19.921405792236328,39.77294921875],[19.918411254882812,39.70827102661133],[19.912464141845703,39.57893371582031],[19.75778579711914,39.64360046386719],[19.76365852355957,39.77294921875],[19.921405792236328,39.77294921875]]],[[[25.066978454589844,40.031734466552734],[25.145954132080078,40.031734466552734],[25.46186065673828,40.031734466552734],[25.447328567504883,39.8376350402832],[24.973936080932617,39.8376350402832],[25.066978454589844,40.031734466552734]]],[[[25.7978458404541,40.29063034057617],[26.03508949279785,40.29063034057617],[26.024850845336914,40.16116714477539],[25.703752517700195,40.0964469909668],[25.718765258789062,40.29063034057617],[25.7978458404541,40.29063034057617]]],[[[24.57025909423828,40.80876541137695],[24.808143615722656,40.80876541137695],[24.793624877929688,40.614410400390625],[24.551259994506836,40.54964065551758],[24.490964889526367,40.80876541137695],[24.57025909423828,40.80876541137695]]],[[[5.386905193328857,43.407203674316406],[5.063065528869629,43.472347259521484],[4.177847862243652,43.472347259521484],[4.173032760620117,43.6026611328125],[3.850892543792725,43.6026611328125],[2.984907388687134,43.146724700927734],[3.009923458099365,42.56119155883789],[3.178062200546265,42.36617660522461],[3.039664268493652,41.84651184082031],[2.698246717453003,42.36617660522461],[2.775402784347534,42.43117141723633],[2.669466018676758,43.016544342041016],[2.749729871749878,43.016544342041016],[2.74102783203125,43.211830139160156],[3.445524215698242,43.6678352355957],[4.727918148040771,43.86341094970703],[5.869569301605225,43.407203674316406],[6.593565464019775,43.407203674316406],[6.596527099609375,43.276947021484375],[6.278174877166748,43.146724700927734],[6.197851181030273,43.146724700927734],[5.796233177185059,43.146724700927734],[5.631923198699951,43.276947021484375],[5.390771865844727,43.276947021484375],[5.386905193328857,43.407203674316406]]],[[[34.08732223510742,35.00096893310547],[33.69539260864258,34.93662643432617],[33.523399353027344,34.743614196777344],[33.1320686340332,34.679283142089844],[33.04356002807617,34.55062484741211],[32.36665725708008,34.743614196777344],[32.229042053222656,34.93662643432617],[32.24578857421875,35.12965774536133],[32.55473709106445,35.12965774536133],[32.875247955322266,35.258358001708984],[32.886871337890625,35.38706970214844],[33.73737716674805,35.38706970214844],[34.309810638427734,35.708900451660156],[34.38723373413086,35.708900451660156],[34.542076110839844,35.708900451660156],[34.5294189453125,35.58015823364258],[33.95713424682617,35.258358001708984],[34.08732223510742,35.00096893310547]]],[[[27.692523956298828,36.28839111328125],[28.01713752746582,36.48161697387695],[28.09481430053711,36.48161697387695],[28.250165939331055,36.48161697387695],[28.139331817626953,36.03080368041992],[27.742563247680664,35.902034759521484],[27.692523956298828,36.28839111328125]]],[[[27.656845092773438,36.8681755065918],[27.734651565551758,36.8681755065918],[27.8902645111084,36.8681755065918],[27.958473205566406,36.73930740356445],[27.564992904663086,36.67487716674805],[27.656845092773438,36.8681755065918]]],[[[27.116777420043945,36.932613372802734],[27.18541717529297,36.80373764038086],[26.865324020385742,36.67487716674805],[27.038949966430664,36.932613372802734],[27.116777420043945,36.932613372802734]]],[[[27.20850372314453,37.12596130371094],[27.286399841308594,37.12596130371094],[27.442188262939453,37.12596130371094],[27.350263595581055,36.932613372802734],[27.19460678100586,36.932613372802734],[27.20850372314453,37.12596130371094]]],[[[26.079580307006836,37.706241607666016],[26.157678604125977,37.706241607666016],[26.313875198364258,37.706241607666016],[26.304851531982422,37.5772590637207],[25.988245010375977,37.51277160644531],[26.079580307006836,37.706241607666016]]],[[[26.635540008544922,37.835243225097656],[27.026260375976562,37.835243225097656],[27.012035369873047,37.641746520996094],[26.62165641784668,37.641746520996094],[26.55739402770996,37.835243225097656],[26.635540008544922,37.835243225097656]]],[[[26.103172302246094,39.1264533996582],[25.793418884277344,39.19107437133789],[26.043895721435547,39.38497543334961],[26.122615814208984,39.38497543334961],[26.511207580566406,39.320335388183594],[26.643573760986328,38.997230529785156],[26.24588966369629,38.93262481689453],[26.09356689453125,38.997230529785156],[26.103172302246094,39.1264533996582]]],[[[26.25676918029785,40.0964469909668],[26.26193618774414,40.16116714477539],[26.26712417602539,40.225894927978516],[26.2723331451416,40.29063034057617],[26.35141372680664,40.29063034057617],[26.356670379638672,40.355369567871094],[26.604726791381836,40.4848747253418],[26.678482055664062,40.42012023925781],[26.673099517822266,40.355369567871094],[26.25676918029785,40.0964469909668]]],[[[40.47029495239258,41.06801223754883],[40.60837936401367,40.93837356567383],[40.56735610961914,40.6791877746582],[39.86415100097656,40.74397277832031],[39.68583679199219,40.614410400390625],[39.54707717895508,40.74397277832031],[39.160491943359375,40.80876541137695],[38.824058532714844,40.6791877746582],[37.8731689453125,40.6791877746582],[37.126163482666016,41.00318908691406],[36.878971099853516,40.93837356567383],[36.897125244140625,41.06801223754883],[36.43864440917969,41.19768524169922],[36.77476501464844,41.32738494873047],[37.06510925292969,41.132843017578125],[37.23323440551758,41.19768524169922],[37.21474075317383,41.06801223754883],[37.770565032958984,41.06801223754883],[37.83116149902344,40.93837356567383],[38.15805435180664,41.00318908691406],[38.29773712158203,40.873565673828125],[38.951820373535156,41.00318908691406],[38.96162414550781,41.06801223754883],[39.20975112915039,41.132843017578125],[39.735538482666016,40.93837356567383],[40.370330810546875,40.93837356567383],[40.47029495239258,41.06801223754883]]],[[[29.366811752319336,41.19768524169922],[29.175722122192383,40.873565673828125],[29.042552947998047,41.132843017578125],[29.287353515625,41.19768524169922],[29.366811752319336,41.19768524169922]]],[[[31.44731330871582,41.32738494873047],[31.526826858520508,41.32738494873047],[31.534175872802734,41.39224624633789],[31.613718032836914,41.39224624633789],[31.693260192871094,41.39224624633789],[31.685855865478516,41.32738494873047],[31.67847442626953,41.26253128051758],[31.598987579345703,41.26253128051758],[31.591657638549805,41.19768524169922],[31.51219940185547,41.19768524169922],[31.432741165161133,41.19768524169922],[31.353282928466797,41.19768524169922],[31.36052894592285,41.26253128051758],[31.44001579284668,41.26253128051758],[31.44731330871582,41.32738494873047]]],[[[35.015045166015625,41.84651184082031],[34.79319381713867,41.97637939453125],[35.121212005615234,42.041324615478516],[35.08602523803711,41.781593322753906],[35.006317138671875,41.781593322753906],[35.015045166015625,41.84651184082031]]],[[[40.41570281982422,43.146724700927734],[40.219173431396484,43.407203674316406],[39.977840423583984,43.407203674316406],[39.630489349365234,43.73301696777344],[40.41382598876953,43.6026611328125],[40.322044372558594,43.53750228881836],[40.380062103271484,43.407203674316406],[41.150047302246094,43.211830139160156],[41.20750045776367,43.08163070678711],[41.4368782043457,43.016544342041016],[41.41395568847656,42.88639831542969],[41.3337516784668,42.88639831542969],[41.173343658447266,42.88639831542969],[41.11582565307617,43.016544342041016],[40.81732177734375,43.146724700927734],[40.41570281982422,43.146724700927734]]],[[[40.033470153808594,43.73301696777344],[39.95287322998047,43.73301696777344],[39.96403884887695,43.79821014404297],[40.0446662902832,43.79821014404297],[40.033470153808594,43.73301696777344]]],[[[33.46652603149414,44.64661407470703],[33.54755401611328,44.64661407470703],[33.61005401611328,45.10417556762695],[33.23028564453125,45.300437927246094],[33.63702392578125,45.300437927246094],[33.91688919067383,44.973392486572266],[34.60381317138672,45.23500442504883],[35.18263626098633,45.300437927246094],[35.153846740722656,45.10417556762695],[35.23509979248047,45.10417556762695],[35.13471984863281,44.973392486572266],[35.12517547607422,44.908016204833984],[34.376285552978516,44.77729415893555],[33.92564392089844,44.45067596435547],[33.52096176147461,44.45067596435547],[33.46652603149414,44.64661407470703]]],[[[31.53286361694336,46.677207946777344],[30.87657928466797,46.677207946777344],[30.297666549682617,45.95537567138672],[30.044963836669922,45.889827728271484],[29.85890007019043,45.693260192871094],[29.614274978637695,45.693260192871094],[29.64429473876953,45.95537567138672],[30.188798904418945,46.414546966552734],[30.270700454711914,46.414546966552734],[30.45840072631836,46.61152267456055],[31.06547737121582,46.87434005737305],[31.082130432128906,47.005828857421875],[31.566814422607422,46.94007873535156],[31.53286361694336,46.677207946777344]]],[[[39.07944869995117,47.598209381103516],[39.13816833496094,47.46647262573242],[39.12632369995117,47.4006233215332],[39.1968879699707,47.33478927612305],[38.35022735595703,47.20316696166992],[38.384639739990234,47.4006233215332],[38.6668815612793,47.598209381103516],[39.07944869995117,47.598209381103516]]]]}},{"type":"Feature","properties":{"Name":"Kalinga","FromYear":-318,"ToYear":-292,"Area":128860.86808378635,"Type":"POLITY","Wikipedia":"Kalinga","SeshatID":"","MemberOf":"","Components":""},"geometry":{"type":"Polygon","coordinates":[[[85.9925537109375,20.60053253173828],[86.06671905517578,20.60053253173828],[86.19831085205078,20.471960067749023],[86.15650177001953,20.150527954101562],[86.43616485595703,20.021955490112305],[86.42777252197266,19.95766830444336],[85.64532470703125,19.6362361907959],[85.49723052978516,19.6362361907959],[85.52213287353516,19.8290958404541],[85.37399291992188,19.8290958404541],[85.4148941040039,19.571949005126953],[84.74866485595703,18.993366241455078],[84.37962341308594,18.414779663085938],[84.0519027709961,18.157629013061523],[83.74847412109375,18.093341827392578],[83.5611572265625,17.77190399169922],[82.916259765625,17.321889877319336],[82.61354064941406,17.257600784301758],[82.43561553955078,17.000450134277344],[82.28816223144531,17.000450134277344],[81.88358306884766,17.321889877319336],[81.89881896972656,17.450464248657227],[81.6927490234375,17.57904052734375],[81.51738739013672,17.964767456054688],[81.4744644165039,18.2219181060791],[81.57166290283203,18.414779663085938],[81.43944549560547,18.543354034423828],[81.47068786621094,18.800504684448242],[81.90850067138672,19.95766830444336],[82.2286376953125,20.150527954101562],[82.50666046142578,20.60053253173828],[82.75316619873047,20.793392181396484],[83.3709716796875,20.986249923706055],[85.13560485839844,20.857677459716797],[85.91838073730469,20.60053253173828],[85.9925537109375,20.60053253173828]]]}},{"type":"Feature","properties":{"Name":"Polyperchon","FromYear":-318,"ToYear":-316,"Area":70235.83896536299,"Type":"POLITY","Wikipedia":"Polyperchon","SeshatID":"","MemberOf":"","Components":""},"geometry":{"type":"Polygon","coordinates":[[[24.262470245361328,40.93837356567383],[23.963613510131836,41.19768524169922],[23.80469512939453,41.19768524169922],[23.748350143432617,41.521995544433594],[23.593765258789062,41.586883544921875],[23.52797508239746,41.781593322753906],[22.819360733032227,41.911441802978516],[22.67292022705078,42.10627746582031],[22.437664031982422,42.17123794555664],[22.370676040649414,42.36617660522461],[22.539382934570312,42.496177673339844],[22.472503662109375,42.691246032714844],[22.39238739013672,42.691246032714844],[22.303613662719727,42.56119155883789],[21.81500816345215,42.43117141723633],[21.806785583496094,42.30118942260742],[21.40708351135254,42.30118942260742],[21.319311141967773,42.17123794555664],[21.003578186035156,42.236209869384766],[20.752748489379883,42.041324615478516],[20.193973541259766,42.041324615478516],[20.107261657714844,41.911441802978516],[19.954500198364258,42.041324615478516],[19.708423614501953,41.911441802978516],[19.472332000732422,41.97637939453125],[19.386180877685547,41.84651184082031],[19.54244041442871,41.781593322753906],[19.450061798095703,41.521995544433594],[19.529659271240234,41.521995544433594],[19.443790435791016,41.39224624633789],[19.523332595825195,41.39224624633789],[19.437559127807617,41.26253128051758],[19.498455047607422,40.873565673828125],[19.336807250976562,40.80876541137695],[19.33381462097168,40.74397277832031],[19.733280181884766,40.80876541137695],[20.189504623413086,40.42012023925781],[20.42690658569336,40.42012023925781],[20.492856979370117,40.16116714477539],[20.805606842041016,40.0964469909668],[20.943429946899414,39.70827102661133],[21.101125717163086,39.70827102661133],[21.272624969482422,39.9670295715332],[21.82527732849121,39.9670295715332],[21.91537094116211,40.16116714477539],[22.17564582824707,40.54964065551758],[22.254833221435547,40.54964065551758],[22.334020614624023,40.54964065551758],[22.413206100463867,40.54964065551758],[22.492393493652344,40.54964065551758],[22.496421813964844,40.614410400390625],[22.57563591003418,40.614410400390625],[22.654850006103516,40.614410400390625],[22.73406219482422,40.614410400390625],[22.813276290893555,40.614410400390625],[22.89249038696289,40.614410400390625],[23.689075469970703,40.6791877746582],[23.693538665771484,40.74397277832031],[24.010608673095703,40.74397277832031],[24.257766723632812,40.873565673828125],[24.262470245361328,40.93837356567383]],[[22.1795654296875,40.614410400390625],[22.17564582824707,40.54964065551758],[22.096458435058594,40.54964065551758],[22.100351333618164,40.614410400390625],[22.1795654296875,40.614410400390625]]]}},{"type":"Feature","properties":{"Name":"Antigonus","FromYear":-318,"ToYear":-316,"Area":223614.25346999842,"Type":"LEADER","Wikipedia":"Antigonus","SeshatID":"gr_macedonian_emp","MemberOf":"(Macedonian Empire)","Components":""},"geometry":{"type":"MultiPolygon","coordinates":[[[[32.584720611572266,39.449623107910156],[33.50076675415039,39.19107437133789],[33.8372917175293,39.38497543334961],[34.024593353271484,39.64360046386719],[34.35519027709961,39.77294921875],[34.43406677246094,39.77294921875],[34.78961944580078,39.449623107910156],[36.07396697998047,39.64360046386719],[36.93256378173828,39.57893371582031],[38.473026275634766,39.320335388183594],[38.37684631347656,39.19107437133789],[38.67388153076172,39.06184005737305],[38.752479553222656,39.06184005737305],[39.44998550415039,38.416015625],[40.45067596435547,38.28691864013672],[40.598331451416016,38.22237777709961],[40.58050537109375,38.09331130981445],[39.25047302246094,38.09331130981445],[37.76396560668945,38.09331130981445],[37.1146354675293,37.89975357055664],[36.34809112548828,38.028785705566406],[35.998069763183594,37.706241607666016],[35.67116928100586,37.5772590637207],[34.358001708984375,37.706241607666016],[33.67526626586914,37.89975357055664],[32.03375244140625,37.89975357055664],[31.618486404418945,37.641746520996094],[31.600387573242188,37.44829177856445],[31.522380828857422,37.44829177856445],[31.51641082763672,37.38381576538086],[31.59439468383789,37.38381576538086],[31.588424682617188,37.3193473815918],[31.666385650634766,37.3193473815918],[31.840749740600586,36.67487716674805],[31.76300811767578,36.67487716674805],[31.391563415527344,36.8681755065918],[30.619068145751953,36.932613372802734],[30.49193572998047,36.3527946472168],[30.02613639831543,36.3527946472168],[29.938032150268555,36.2239875793457],[29.239721298217773,36.2239875793457],[29.17217445373535,36.3527946472168],[29.254873275756836,36.417205810546875],[29.109657287597656,36.5460319519043],[29.114727020263672,36.61045455932617],[29.596742630004883,36.80373764038086],[29.61259651184082,36.9970588684082],[29.462169647216797,37.06150817871094],[29.53792953491211,37.96426773071289],[28.896411895751953,37.7707405090332],[28.583927154541016,37.7707405090332],[28.359882354736328,37.89975357055664],[27.18254852294922,37.835243225097656],[27.1873722076416,37.89975357055664],[27.27528190612793,38.028785705566406],[26.888994216918945,38.09331130981445],[26.820327758789062,38.22237777709961],[26.42890739440918,38.22237777709961],[26.38368797302246,38.67427444458008],[26.535762786865234,38.60969924926758],[26.594974517822266,38.351463317871094],[27.06496238708496,38.351463317871094],[27.079774856567383,38.54513168334961],[26.849470138549805,38.60969924926758],[26.95786476135254,38.997230529785156],[26.81582260131836,39.19107437133789],[26.82089614868164,39.25570297241211],[26.909828186035156,39.38497543334961],[27.618318557739258,39.38497543334961],[27.764951705932617,39.25570297241211],[28.16382598876953,39.320335388183594],[28.69768714904785,39.1264533996582],[29.556629180908203,39.06184005737305],[29.519630432128906,39.51427459716797],[30.0424861907959,40.031734466552734],[30.51634407043457,40.031734466552734],[30.746671676635742,39.9670295715332],[30.733549118041992,39.8376350402832],[31.44363784790039,39.8376350402832],[31.673505783081055,39.77294921875],[31.810773849487305,39.57893371582031],[32.505977630615234,39.449623107910156],[32.584720611572266,39.449623107910156]]],[[[38.761260986328125,39.1264533996582],[38.682640075683594,39.1264533996582],[38.691429138183594,39.19107437133789],[38.770076751708984,39.19107437133789],[38.761260986328125,39.1264533996582]]]]}},{"type":"Feature","properties":{"Name":"Seleucus I Nicator","FromYear":-318,"ToYear":-316,"Area":116883.42698719043,"Type":"LEADER","Wikipedia":"Seleucus I Nicator","SeshatID":"","MemberOf":"(Seleucid Empire)","Components":""},"geometry":{"type":"Polygon","coordinates":[[[48.592803955078125,29.922264099121094],[48.36544418334961,29.922264099121094],[48.40353012084961,29.600887298583984],[48.09330749511719,29.536611557006836],[47.646427154541016,29.600887298583984],[47.28971481323242,29.79371452331543],[46.97944259643555,29.729440689086914],[46.99397659301758,29.857990264892578],[46.84971618652344,29.922264099121094],[46.61511993408203,29.857990264892578],[46.590572357177734,30.307893753051758],[45.77046203613281,30.436433792114258],[44.95460891723633,31.271915435791016],[44.5814208984375,31.336183547973633],[44.459014892578125,31.593257904052734],[43.420249938964844,32.493072509765625],[43.42790222167969,32.557350158691406],[43.91015625,32.75019073486328],[44.208351135253906,32.685909271240234],[44.24814987182617,33.00732421875],[44.41752243041992,33.13589859008789],[44.57079315185547,33.13589859008789],[44.631141662597656,33.00732421875],[45.09897232055664,33.07160949707031],[45.46541976928711,32.94303894042969],[45.899105072021484,33.32876968383789],[46.052490234375,33.32876968383789],[46.069705963134766,33.45735549926758],[45.856727600097656,33.5859489440918],[45.891456604003906,33.84315490722656],[45.968299865722656,33.84315490722656],[45.91777801513672,34.03607940673828],[46.14847946166992,34.03607940673828],[46.71001052856445,33.65024948120117],[46.67476272583008,33.393062591552734],[47.4151496887207,33.20018768310547],[47.82174301147461,32.81447219848633],[47.974830627441406,32.81447219848633],[47.70976638793945,31.978878021240234],[47.98128890991211,31.7217960357666],[47.79570007324219,31.464719772338867],[47.738956451416016,31.014846801757812],[48.103145599365234,30.886310577392578],[48.04780960083008,30.436433792114258],[48.27554702758789,30.436433792114258],[48.41168975830078,30.307893753051758],[48.38842010498047,30.115081787109375],[48.6004753112793,29.986536026000977],[48.592803955078125,29.922264099121094]]]}},{"type":"Feature","properties":{"Name":"Ptolemy","FromYear":-318,"ToYear":-316,"Area":666030.9589288142,"Type":"LEADER","Wikipedia":"Ptolemy I Soter","SeshatID":"gr_macedonian_emp","MemberOf":"(Macedonian Empire)","Components":""},"geometry":{"type":"MultiPolygon","coordinates":[[[[38.95070266723633,35.00096893310547],[39.16754913330078,34.87228775024414],[39.20083236694336,34.48630142211914],[39.12379455566406,34.48630142211914],[37.990238189697266,33.971771240234375],[37.73945236206055,33.77885055541992],[37.72612380981445,33.65024948120117],[37.57255172729492,33.65024948120117],[37.0732307434082,33.26447677612305],[37.054195404052734,33.07160949707031],[36.90095901489258,33.07160949707031],[36.716766357421875,32.75019073486328],[36.750667572021484,32.30024337768555],[36.5155143737793,32.23596954345703],[36.66231155395508,32.171695709228516],[36.38663864135742,31.65752601623535],[36.423099517822266,31.20764923095703],[35.662025451660156,31.20764923095703],[35.49904251098633,31.079113006591797],[35.35223388671875,31.143381118774414],[34.62143325805664,30.564971923828125],[34.61144256591797,30.436433792114258],[34.38864517211914,30.500701904296875],[34.30289840698242,30.372163772583008],[33.837974548339844,30.243623733520508],[32.918514251708984,30.115081787109375],[32.90950393676758,29.986536026000977],[32.75790023803711,29.986536026000977],[32.67325973510742,29.857990264892578],[32.52609634399414,29.922264099121094],[32.44160079956055,29.79371452331543],[32.68916320800781,28.958093643188477],[32.83612823486328,28.893810272216797],[33.10531997680664,28.379535675048828],[33.60887145996094,27.993812561035156],[33.585105895996094,27.608078002929688],[33.7991943359375,27.41520881652832],[33.92659378051758,27.029460906982422],[34.07311248779297,26.96516990661621],[34.05074691772461,26.57941436767578],[34.197208404541016,26.515121459960938],[34.461280822753906,25.8721923828125],[34.60763931274414,25.807899475097656],[35.145530700683594,24.650644302368164],[35.860408782958984,24.00774574279785],[35.85411834716797,23.879167556762695],[35.558753967285156,23.943456649780273],[35.55257034301758,23.814878463745117],[35.10795974731445,23.879167556762695],[33.75636291503906,23.68630027770996],[33.6817741394043,23.68630027770996],[33.38899612426758,23.814878463745117],[32.040863037109375,23.68630027770996],[31.670488357543945,23.75058937072754],[30.537214279174805,23.36486053466797],[30.462675094604492,23.36486053466797],[30.39519500732422,23.557723999023438],[30.10396385192871,23.75058937072754],[30.10871124267578,23.879167556762695],[29.95948028564453,23.879167556762695],[29.672801971435547,24.200613021850586],[28.568815231323242,24.650644302368164],[28.288646697998047,25.164974212646484],[28.24367904663086,25.936485290527344],[28.34531593322754,26.57941436767578],[28.270244598388672,26.57941436767578],[28.15372657775879,27.35091781616211],[27.93669891357422,27.54378890991211],[27.710918426513672,27.54378890991211],[27.791961669921875,27.6723690032959],[27.429920196533203,27.993812561035156],[27.27633285522461,27.92952537536621],[27.28502082824707,28.12238883972168],[27.06757926940918,28.315250396728516],[26.251968383789062,28.636676788330078],[26.182157516479492,28.765243530273438],[25.882884979248047,28.829526901245117],[25.516281127929688,29.08665657043457],[25.376264572143555,29.34377670288086],[25.477962493896484,29.922264099121094],[26.31792640686035,31.528987884521484],[27.148780822753906,31.40045166015625],[27.514896392822266,31.143381118774414],[28.496395111083984,31.014846801757812],[28.865032196044922,30.822044372558594],[29.3970890045166,30.822044372558594],[29.485143661499023,31.014846801757812],[29.633193969726562,30.950578689575195],[29.86956024169922,31.079113006591797],[29.8017635345459,31.20764923095703],[29.882049560546875,31.271915435791016],[30.33879280090332,31.271915435791016],[30.271244049072266,31.40045166015625],[30.351730346679688,31.464719772338867],[30.80877685546875,31.464719772338867],[30.965608596801758,31.528987884521484],[30.974620819091797,31.65752601623535],[31.203296661376953,31.65752601623535],[31.117990493774414,31.528987884521484],[31.265825271606445,31.464719772338867],[31.875221252441406,31.464719772338867],[31.780553817749023,31.20764923095703],[31.93739891052246,31.271915435791016],[31.999635696411133,31.079113006591797],[32.303932189941406,31.079113006591797],[32.23719787597656,31.20764923095703],[32.38941192626953,31.20764923095703],[32.53215408325195,31.079113006591797],[32.76515197753906,31.143381118774414],[32.8316764831543,31.014846801757812],[33.74934005737305,31.079113006591797],[34.2972412109375,31.271915435791016],[34.30759811401367,31.40045166015625],[34.63344955444336,31.65752601623535],[34.57329559326172,31.8503360748291],[34.81304168701172,31.978878021240234],[34.76983642578125,32.36451721191406],[35.021759033203125,32.62162780761719],[35.05632781982422,33.00732421875],[35.21538543701172,33.07160949707031],[35.39840316772461,33.393062591552734],[35.34577560424805,33.65024948120117],[35.49934768676758,33.65024948120117],[35.4470100402832,33.90746307373047],[35.68381118774414,33.971771240234375],[35.64447784423828,34.3576545715332],[35.79212951660156,34.2933349609375],[36.048770904541016,34.55062484741211],[36.0682373046875,34.743614196777344],[35.92698669433594,34.87228775024414],[35.959747314453125,35.194007873535156],[35.88248825073242,35.194007873535156],[35.99294662475586,35.51579284667969],[35.84488296508789,35.58015823364258],[35.990074157714844,36.2239875793457],[35.91248321533203,36.2239875793457],[35.91935348510742,36.28839111328125],[37.464290618896484,36.2239875793457],[37.478904724121094,36.3527946472168],[37.79686737060547,36.417205810546875],[37.89700698852539,36.61045455932617],[38.31373977661133,35.51579284667969],[38.46112060546875,35.45143127441406],[38.51651382446289,35.258358001708984],[38.81826400756836,35.194007873535156],[38.873504638671875,35.00096893310547],[38.95070266723633,35.00096893310547]],[[35.59455490112305,33.84315490722656],[35.60073471069336,33.90746307373047],[35.52387237548828,33.90746307373047],[35.51771545410156,33.84315490722656],[35.59455490112305,33.84315490722656]],[[34.91707229614258,32.30024337768555],[34.922672271728516,32.36451721191406],[34.846256256103516,32.36451721191406],[34.84067153930664,32.30024337768555],[34.91707229614258,32.30024337768555]]],[[[39.270606994628906,34.42197799682617],[39.19358825683594,34.42197799682617],[39.20083236694336,34.48630142211914],[39.27786636352539,34.48630142211914],[39.270606994628906,34.42197799682617]]]]}},{"type":"Feature","properties":{"Name":"Antigenes","FromYear":-318,"ToYear":-316,"Area":160794.03204885477,"Type":"LEADER","Wikipedia":"Antigenes (general)","SeshatID":"gr_macedonian_emp","MemberOf":"(Macedonian Empire)","Components":""},"geometry":{"type":"Polygon","coordinates":[[[52.767269134521484,32.62162780761719],[52.64399337768555,32.81447219848633],[51.98460006713867,33.00732421875],[50.2323112487793,33.07160949707031],[49.113887786865234,32.75019073486328],[48.61426544189453,33.00732421875],[48.07807540893555,33.00732421875],[47.974830627441406,32.81447219848633],[47.70976638793945,31.978878021240234],[47.98128890991211,31.7217960357666],[47.79570007324219,31.464719772338867],[47.738956451416016,31.014846801757812],[48.103145599365234,30.886310577392578],[48.04780960083008,30.436433792114258],[48.27554702758789,30.436433792114258],[48.41168975830078,30.307893753051758],[48.38842010498047,30.115081787109375],[48.6004753112793,29.986536026000977],[48.67627716064453,29.986536026000977],[48.987266540527344,30.050809860229492],[48.942848205566406,30.307893753051758],[49.585899353027344,29.986536026000977],[49.98896026611328,30.179353713989258],[50.0648078918457,30.179353713989258],[50.232810974121094,30.307893753051758],[50.89090347290039,30.115081787109375],[52.947052001953125,30.179353713989258],[53.795772552490234,30.822044372558594],[53.72779846191406,31.40045166015625],[53.651641845703125,31.40045166015625],[53.66114044189453,31.464719772338867],[53.670677185058594,31.528987884521484],[53.594486236572266,31.528987884521484],[53.604042053222656,31.593257904052734],[53.52783203125,31.593257904052734],[53.451622009277344,31.593257904052734],[53.452693939208984,32.107421875],[53.29999923706055,32.107421875],[52.84375762939453,32.62162780761719],[52.767269134521484,32.62162780761719]]]}},{"type":"Feature","properties":{"Name":"Roman Republic","FromYear":-318,"ToYear":-302,"Area":11962.444059836176,"Type":"POLITY","Wikipedia":"Roman Republic","SeshatID":"it_roman_rep_1","MemberOf":"(Roman Republic)","Components":""},"geometry":{"type":"MultiPolygon","coordinates":[[[[15.542722702026367,41.26253128051758],[15.146903038024902,41.32738494873047],[15.151774406433105,41.521995544433594],[15.394014358520508,41.65177917480469],[15.712631225585938,41.65177917480469],[15.784856796264648,41.39224624633789],[15.544473648071289,41.32738494873047],[15.542722702026367,41.26253128051758]]],[[[14.187646865844727,41.06801223754883],[14.742023468017578,41.00318908691406],[14.737711906433105,40.80876541137695],[15.054890632629395,40.80876541137695],[15.05335807800293,40.74397277832031],[14.417906761169434,40.6791877746582],[14.421854972839355,40.873565673828125],[14.104567527770996,40.873565673828125],[13.950616836547852,41.132843017578125],[13.791753768920898,41.132843017578125],[13.714534759521484,41.26253128051758],[13.000019073486328,41.32738494873047],[12.130502700805664,41.911441802978516],[12.131669044494629,42.041324615478516],[11.812841415405273,42.10627746582031],[11.813313484191895,42.17123794555664],[11.974142074584961,42.30118942260742],[11.895214080810547,42.43117141723633],[12.374523162841797,42.36617660522461],[12.45307731628418,42.236209869384766],[12.612899780273438,42.236209869384766],[12.69044303894043,42.041324615478516],[13.088639259338379,41.97637939453125],[13.0867919921875,41.84651184082031],[12.927313804626465,41.84651184082031],[13.002631187438965,41.521995544433594],[13.63831615447998,41.45711898803711],[13.717885971069336,41.45711898803711],[14.033703804016113,41.32738494873047],[14.187646865844727,41.06801223754883]]],[[[12.457341194152832,42.62621307373047],[12.456626892089844,42.56119155883789],[12.455913543701172,42.496177673339844],[12.375885963439941,42.496177673339844],[12.13580322265625,42.496177673339844],[12.138193130493164,42.75628662109375],[12.37862777709961,42.75628662109375],[12.458772659301758,42.75628662109375],[12.458056449890137,42.691246032714844],[12.457341194152832,42.62621307373047]]]]}},{"type":"Feature","properties":{"Name":"(Roman Republic)","FromYear":-318,"ToYear":-302,"Area":11962.444059836176,"Type":"POLITY","Wikipedia":"Roman Republic","SeshatID":"it_roman_rep_1","MemberOf":"","Components":"Roman Republic"},"geometry":{"type":"MultiPolygon","coordinates":[[[[15.542722702026367,41.26253128051758],[15.146903038024902,41.32738494873047],[15.151774406433105,41.521995544433594],[15.394014358520508,41.65177917480469],[15.712631225585938,41.65177917480469],[15.784856796264648,41.39224624633789],[15.544473648071289,41.32738494873047],[15.542722702026367,41.26253128051758]]],[[[14.187646865844727,41.06801223754883],[14.742023468017578,41.00318908691406],[14.737711906433105,40.80876541137695],[15.054890632629395,40.80876541137695],[15.05335807800293,40.74397277832031],[14.417906761169434,40.6791877746582],[14.421854972839355,40.873565673828125],[14.104567527770996,40.873565673828125],[13.950616836547852,41.132843017578125],[13.791753768920898,41.132843017578125],[13.714534759521484,41.26253128051758],[13.000019073486328,41.32738494873047],[12.130502700805664,41.911441802978516],[12.131669044494629,42.041324615478516],[11.812841415405273,42.10627746582031],[11.813313484191895,42.17123794555664],[11.974142074584961,42.30118942260742],[11.895214080810547,42.43117141723633],[12.374523162841797,42.36617660522461],[12.45307731628418,42.236209869384766],[12.612899780273438,42.236209869384766],[12.69044303894043,42.041324615478516],[13.088639259338379,41.97637939453125],[13.0867919921875,41.84651184082031],[12.927313804626465,41.84651184082031],[13.002631187438965,41.521995544433594],[13.63831615447998,41.45711898803711],[13.717885971069336,41.45711898803711],[14.033703804016113,41.32738494873047],[14.187646865844727,41.06801223754883]]],[[[12.457341194152832,42.62621307373047],[12.456626892089844,42.56119155883789],[12.455913543701172,42.496177673339844],[12.375885963439941,42.496177673339844],[12.13580322265625,42.496177673339844],[12.138193130493164,42.75628662109375],[12.37862777709961,42.75628662109375],[12.458772659301758,42.75628662109375],[12.458056449890137,42.691246032714844],[12.457341194152832,42.62621307373047]]]]}},{"type":"Feature","properties":{"Name":"Atropates","FromYear":-318,"ToYear":-316,"Area":146919.87822918408,"Type":"LEADER","Wikipedia":"Atropates","SeshatID":"gr_macedonian_emp","MemberOf":"(Macedonian Empire)","Components":""},"geometry":{"type":"Polygon","coordinates":[[[49.02931213378906,37.641746520996094],[48.82852554321289,37.835243225097656],[48.87364959716797,38.09331130981445],[48.795413970947266,38.09331130981445],[48.32598876953125,38.09331130981445],[47.25161361694336,38.67427444458008],[46.12089157104492,38.48057174682617],[45.85390853881836,38.28691864013672],[45.634883880615234,37.89975357055664],[45.22376251220703,37.7707405090332],[45.17365264892578,37.44829177856445],[45.25165939331055,37.44829177856445],[45.290000915527344,37.1904182434082],[45.44583511352539,37.1904182434082],[45.2508544921875,36.932613372802734],[45.14886474609375,35.708900451660156],[45.58554458618164,35.51579284667969],[46.03102111816406,35.38706970214844],[47.95417022705078,35.32271194458008],[49.083438873291016,35.12965774536133],[49.50012969970703,35.32271194458008],[49.60824966430664,35.51579284667969],[50.480350494384766,35.644527435302734],[50.85463333129883,36.03080368041992],[52.00763702392578,36.417205810546875],[52.108154296875,36.5460319519043],[52.03045654296875,36.5460319519043],[50.82074737548828,36.73930740356445],[50.53199768066406,36.8681755065918],[50.632293701171875,36.9970588684082],[50.56571960449219,37.06150817871094],[50.320892333984375,36.9970588684082],[49.998783111572266,37.38381576538086],[49.0181770324707,37.5772590637207],[49.02931213378906,37.641746520996094]],[[47.34175491333008,38.28691864013672],[47.352783203125,38.351463317871094],[47.431114196777344,38.351463317871094],[47.42006301879883,38.28691864013672],[47.34175491333008,38.28691864013672]],[[47.40904998779297,38.22237777709961],[47.487335205078125,38.22237777709961],[47.47633743286133,38.157840728759766],[47.39807891845703,38.157840728759766],[47.40904998779297,38.22237777709961]]]}},{"type":"Feature","properties":{"Name":"Stasanor","FromYear":-318,"ToYear":-316,"Area":357579.051796307,"Type":"LEADER","Wikipedia":"Stasanor","SeshatID":"gr_macedonian_emp","MemberOf":"(Macedonian Empire)","Components":""},"geometry":{"type":"Polygon","coordinates":[[[61.65280532836914,29.600887298583984],[62.3036994934082,29.40805435180664],[64.11966705322266,29.40805435180664],[64.29206085205078,29.536611557006836],[64.75691986083984,29.600887298583984],[65.05665588378906,30.886310577392578],[65.30376434326172,31.40045166015625],[65.89724731445312,32.107421875],[66.15179443359375,32.23596954345703],[66.27979278564453,32.493072509765625],[66.625,32.685909271240234],[66.80860137939453,33.20018768310547],[66.97553253173828,33.26447677612305],[66.93991088867188,33.45735549926758],[67.29605102539062,34.03607940673828],[67.62030792236328,35.12965774536133],[67.69754028320312,35.12965774536133],[67.72557067871094,35.58015823364258],[67.24625396728516,35.51579284667969],[67.10376739501953,36.2239875793457],[66.48304748535156,36.2239875793457],[66.62211608886719,36.48161697387695],[66.54444122314453,36.48161697387695],[66.57542419433594,36.61045455932617],[66.3577651977539,36.67487716674805],[65.76768493652344,36.48161697387695],[65.56698608398438,36.28839111328125],[65.1789321899414,36.28839111328125],[64.14588165283203,35.837650299072266],[63.26557159423828,35.708900451660156],[62.963775634765625,35.38706970214844],[60.963844299316406,34.679283142089844],[60.783958435058594,34.55062484741211],[60.82268524169922,34.3576545715332],[60.56644058227539,34.22901916503906],[60.49154281616211,33.84315490722656],[60.56838607788086,33.84315490722656],[60.559261322021484,33.393062591552734],[60.67628479003906,33.20018768310547],[60.65742874145508,32.685909271240234],[60.88142776489258,32.23596954345703],[60.82402801513672,31.91460609436035],[60.90032196044922,31.91460609436035],[60.690425872802734,31.143381118774414],[60.59416198730469,30.564971923828125],[60.725059509277344,30.436433792114258],[60.749176025390625,30.115081787109375],[60.95616912841797,29.986536026000977],[61.001495361328125,29.79371452331543],[61.66292190551758,29.665164947509766],[61.65280532836914,29.600887298583984]]]}}]}
