{"type":"FeatureCollection","features":[{"type":"Feature","properties":{"Name":"Jin","FromYear":-750,"ToYear":-551,"Area":136495.40551245364,"Type":"POLITY","Wikipedia":"Jin (Chinese state)","SeshatID":"cn_jin_spring_and_autumn","MemberOf":"(Spring and Autumn States)","Components":""},"geometry":{"type":"Polygon","coordinates":[[[114.28092193603516,35.51579284667969],[114.31436920166016,35.77327346801758],[114.60979461669922,36.09519577026367],[115.44165802001953,36.73930740356445],[115.96107482910156,37.1904182434082],[116.22151184082031,37.5772590637207],[116.4393539428711,37.706241607666016],[116.59552001953125,38.028785705566406],[117.19712829589844,38.60969924926758],[116.1453628540039,38.54513168334961],[116.39930725097656,38.738853454589844],[116.16387939453125,38.738853454589844],[116.2618408203125,38.93262481689453],[116.09193420410156,39.06184005737305],[116.1009292602539,39.38497543334961],[115.8647689819336,39.38497543334961],[116.10205078125,39.8376350402832],[116.02315521240234,39.8376350402832],[115.8996810913086,39.90232849121094],[115.83116149902344,39.77294921875],[115.4478530883789,39.64360046386719],[114.35895538330078,38.738853454589844],[114.09173583984375,38.67427444458008],[114.10688781738281,38.54513168334961],[113.26740264892578,37.7707405090332],[112.20132446289062,37.3193473815918],[112.17218017578125,37.254878997802734],[111.41331481933594,36.417205810546875],[111.23026275634766,36.3527946472168],[111.06177520751953,35.77327346801758],[111.16276550292969,35.644527435302734],[111.00291442871094,35.258358001708984],[110.6662368774414,35.00096893310547],[110.5883560180664,34.80794906616211],[110.71676635742188,34.743614196777344],[110.69108581542969,34.48630142211914],[110.8196029663086,34.42197799682617],[110.82032775878906,34.22901916503906],[110.89728546142578,34.22901916503906],[112.15479278564453,34.48630142211914],[112.18373107910156,34.93662643432617],[112.10655212402344,34.93662643432617],[112.3199234008789,35.45143127441406],[113.53009033203125,35.38706970214844],[113.60740661621094,35.38706970214844],[113.68472290039062,35.38706970214844],[113.76204681396484,35.38706970214844],[114.2259521484375,35.38706970214844],[114.25340270996094,35.45143127441406],[114.28092193603516,35.51579284667969]]]}},{"type":"Feature","properties":{"Name":"Qin","FromYear":-750,"ToYear":-451,"Area":56477.88066636073,"Type":"POLITY","Wikipedia":"Qin (state)","SeshatID":"","MemberOf":"(Spring and Autumn States)","Components":""},"geometry":{"type":"Polygon","coordinates":[[[110.74337005615234,34.22901916503906],[110.35858154296875,34.22901916503906],[109.68960571289062,34.48630142211914],[107.94264221191406,34.55062484741211],[108.45275115966797,35.258358001708984],[108.2981948852539,35.258358001708984],[108.34974670410156,35.38706970214844],[108.16950988769531,35.51579284667969],[108.22152709960938,35.644527435302734],[108.78959655761719,35.708900451660156],[109.65463256835938,36.48161697387695],[112.09423828125,37.254878997802734],[112.17218017578125,37.254878997802734],[111.41331481933594,36.417205810546875],[111.23026275634766,36.3527946472168],[111.06177520751953,35.77327346801758],[111.16276550292969,35.644527435302734],[111.00291442871094,35.258358001708984],[110.6662368774414,35.00096893310547],[110.5883560180664,34.80794906616211],[110.71676635742188,34.743614196777344],[110.69108581542969,34.48630142211914],[110.8196029663086,34.42197799682617],[110.82032775878906,34.22901916503906],[110.74337005615234,34.22901916503906]]]}},{"type":"Feature","properties":{"Name":"(Spring and Autumn States)","FromYear":-750,"ToYear":-551,"Area":1008534.396365493,"Type":"POLITY","Wikipedia":"Spring and Autumn Period","SeshatID":"","MemberOf":"","Components":"Cai;Wey;(Chu);Zheng;Qin;Zhu;Song;Xu;Jin;Chen;Chu;Wu;Later Zhou;Lu;Qi;Teng;Cao;Yan"},"geometry":{"type":"Polygon","coordinates":[[[116.04265594482422,30.372163772583008],[114.11265563964844,30.500701904296875],[113.95056915283203,30.243623733520508],[113.58361053466797,30.050809860229492],[113.26678466796875,29.536611557006836],[112.90369415283203,29.34377670288086],[111.99589538574219,29.34377670288086],[111.80860900878906,29.472333908081055],[111.29871368408203,29.536611557006836],[110.66183471679688,29.922264099121094],[110.22734069824219,29.986536026000977],[110.4056167602539,30.307893753051758],[109.91582489013672,30.436433792114258],[109.4763412475586,30.950578689575195],[109.48612213134766,31.20764923095703],[109.35553741455078,31.271915435791016],[109.4751968383789,31.40045166015625],[109.3124771118164,31.593257904052734],[109.62882995605469,32.493072509765625],[109.55238342285156,32.493072509765625],[109.81649017333984,33.00732421875],[109.71090698242188,33.13589859008789],[109.78289031982422,33.32876968383789],[110.21489715576172,33.45735549926758],[110.21150970458984,33.65024948120117],[110.49124145507812,33.77885055541992],[110.4889907836914,33.971771240234375],[110.87198638916016,34.164703369140625],[110.89728546142578,34.22901916503906],[110.82032775878906,34.22901916503906],[110.74337005615234,34.22901916503906],[110.35858154296875,34.22901916503906],[109.68960571289062,34.48630142211914],[107.94264221191406,34.55062484741211],[108.45275115966797,35.258358001708984],[108.2981948852539,35.258358001708984],[108.34974670410156,35.38706970214844],[108.16950988769531,35.51579284667969],[108.22152709960938,35.644527435302734],[108.78959655761719,35.708900451660156],[109.65463256835938,36.48161697387695],[112.09423828125,37.254878997802734],[112.17218017578125,37.254878997802734],[112.20132446289062,37.3193473815918],[113.26740264892578,37.7707405090332],[114.10688781738281,38.54513168334961],[114.09173583984375,38.67427444458008],[114.35895538330078,38.738853454589844],[115.4478530883789,39.64360046386719],[115.83116149902344,39.77294921875],[115.8996810913086,39.90232849121094],[116.02315521240234,39.8376350402832],[116.10205078125,39.8376350402832],[116.1364517211914,39.90232849121094],[116.45215606689453,39.90232849121094],[117.5674819946289,40.355369567871094],[119.34424591064453,40.42012023925781],[121.22704315185547,40.93837356567383],[120.64734649658203,40.4848747253418],[120.50029754638672,40.225894927978516],[119.38044738769531,39.77294921875],[119.3191146850586,39.51427459716797],[119.28438568115234,39.449623107910156],[118.98941802978516,39.19107437133789],[118.44984436035156,39.06184005737305],[118.0568618774414,39.06184005737305],[118.04566192626953,39.19107437133789],[117.88837432861328,39.19107437133789],[117.67569732666016,38.93262481689453],[117.62202453613281,38.67427444458008],[117.60245513916016,38.48057174682617],[118.05360412597656,38.28691864013672],[118.06742095947266,38.157840728759766],[118.58300018310547,38.09331130981445],[118.64759826660156,38.22237777709961],[118.80416870117188,38.22237777709961],[118.77176666259766,38.157840728759766],[119.13066101074219,38.09331130981445],[119.20889282226562,38.09331130981445],[119.17657470703125,38.028785705566406],[119.4571304321289,37.96426773071289],[119.3928451538086,37.835243225097656],[119.23655700683594,37.835243225097656],[118.98403930664062,37.3193473815918],[119.13996124267578,37.3193473815918],[119.15568542480469,37.1904182434082],[119.70111083984375,37.1904182434082],[119.82661437988281,37.44829177856445],[120.20220184326172,37.5772590637207],[120.18807220458984,37.706241607666016],[120.75377655029297,37.89975357055664],[121.11202239990234,37.835243225097656],[121.17103576660156,37.641746520996094],[121.48333740234375,37.641746520996094],[121.49687957763672,37.51277160644531],[122.15351867675781,37.5772590637207],[122.1211166381836,37.51277160644531],[122.71288299560547,37.44829177856445],[122.47421264648438,37.12596130371094],[122.56636810302734,36.9970588684082],[122.39389038085938,36.80373764038086],[121.91207885742188,36.932613372802734],[121.21208190917969,36.61045455932617],[120.97892761230469,36.61045455932617],[120.96481323242188,36.417205810546875],[120.80950927734375,36.417205810546875],[120.73184967041016,36.417205810546875],[120.70149230957031,36.3527946472168],[120.65852355957031,36.09519577026367],[120.31848907470703,36.03080368041992],[119.98648071289062,35.644527435302734],[119.61874389648438,35.51579284667969],[119.25574493408203,34.87228775024414],[119.22760772705078,34.80794906616211],[119.30474853515625,34.80794906616211],[119.71125030517578,34.679283142089844],[119.73230743408203,34.55062484741211],[119.98465728759766,34.42197799682617],[120.3418197631836,34.3576545715332],[120.31398010253906,34.2933349609375],[120.48936462402344,34.164703369140625],[120.55045318603516,33.5859489440918],[120.92630004882812,33.20018768310547],[120.91920471191406,32.62162780761719],[121.40264892578125,32.493072509765625],[121.50330352783203,32.171695709228516],[121.78321075439453,32.107421875],[121.98702239990234,31.8503360748291],[121.83556365966797,31.65752601623535],[121.68311309814453,31.65752601623535],[121.58055877685547,31.78606605529785],[120.99542236328125,31.8503360748291],[120.91914367675781,31.8503360748291],[120.89421844482422,31.78606605529785],[120.97047424316406,31.78606605529785],[121.04673767089844,31.78606605529785],[121.63350677490234,31.528987884521484],[121.58425903320312,31.40045166015625],[121.73657989501953,31.40045166015625],[121.99526977539062,31.079113006591797],[121.89926147460938,30.822044372558594],[121.51921844482422,30.822044372558594],[121.19719696044922,30.564971923828125],[121.04530334472656,30.564971923828125],[120.67976379394531,30.179353713989258],[120.80880737304688,30.115081787109375],[121.10469055175781,30.307893753051758],[121.48409271240234,30.307893753051758],[121.6202392578125,30.050809860229492],[122.02978515625,29.922264099121094],[121.82032775878906,29.536611557006836],[121.41998291015625,29.472333908081055],[121.3124008178711,29.600887298583984],[120.242431640625,29.79371452331543],[119.77836608886719,29.986536026000977],[119.22569274902344,29.922264099121094],[118.35970306396484,29.600887298583984],[117.98114776611328,29.600887298583984],[117.95987701416016,29.536611557006836],[117.88418579101562,29.536611557006836],[117.90544128417969,29.600887298583984],[117.52689361572266,29.600887298583984],[117.19082641601562,29.729440689086914],[116.73638153076172,29.729440689086914],[116.27002716064453,29.922264099121094],[116.09661102294922,30.307893753051758],[116.1185531616211,30.372163772583008],[116.04265594482422,30.372163772583008]]]}},{"type":"Feature","properties":{"Name":"Qi","FromYear":-750,"ToYear":-551,"Area":102632.17941643954,"Type":"POLITY","Wikipedia":"Qi (state)","SeshatID":"cn_qi_spring_autumn","MemberOf":"(Spring and Autumn States)","Components":""},"geometry":{"type":"Polygon","coordinates":[[[119.13066101074219,38.09331130981445],[118.77176666259766,38.157840728759766],[118.80416870117188,38.22237777709961],[118.64759826660156,38.22237777709961],[118.58300018310547,38.09331130981445],[118.06742095947266,38.157840728759766],[118.05360412597656,38.28691864013672],[117.60245513916016,38.48057174682617],[117.62202453613281,38.67427444458008],[117.22977447509766,38.67427444458008],[117.19712829589844,38.60969924926758],[116.59552001953125,38.028785705566406],[116.4393539428711,37.706241607666016],[116.22151184082031,37.5772590637207],[115.96107482910156,37.1904182434082],[115.44165802001953,36.73930740356445],[115.63568878173828,36.48161697387695],[115.52009582519531,36.2239875793457],[115.59768676757812,36.2239875793457],[115.80168914794922,36.15959167480469],[115.76497650146484,35.902034759521484],[116.04647064208984,35.837650299072266],[117.35307312011719,36.15959167480469],[119.89511108398438,36.28839111328125],[120.5292739868164,36.48161697387695],[120.73184967041016,36.417205810546875],[120.80950927734375,36.417205810546875],[120.96481323242188,36.417205810546875],[120.97892761230469,36.61045455932617],[121.21208190917969,36.61045455932617],[121.91207885742188,36.932613372802734],[122.39389038085938,36.80373764038086],[122.56636810302734,36.9970588684082],[122.47421264648438,37.12596130371094],[122.71288299560547,37.44829177856445],[122.1211166381836,37.51277160644531],[122.15351867675781,37.5772590637207],[121.49687957763672,37.51277160644531],[121.48333740234375,37.641746520996094],[121.17103576660156,37.641746520996094],[121.11202239990234,37.835243225097656],[120.75377655029297,37.89975357055664],[120.18807220458984,37.706241607666016],[120.20220184326172,37.5772590637207],[119.82661437988281,37.44829177856445],[119.70111083984375,37.1904182434082],[119.15568542480469,37.1904182434082],[119.13996124267578,37.3193473815918],[118.98403930664062,37.3193473815918],[119.23655700683594,37.835243225097656],[119.3928451538086,37.835243225097656],[119.4571304321289,37.96426773071289],[119.17657470703125,38.028785705566406],[119.20889282226562,38.09331130981445],[119.13066101074219,38.09331130981445]]]}},{"type":"Feature","properties":{"Name":"Song","FromYear":-750,"ToYear":-481,"Area":22944.158992377703,"Type":"POLITY","Wikipedia":"Song (state)","SeshatID":"","MemberOf":"(Spring and Autumn States)","Components":""},"geometry":{"type":"Polygon","coordinates":[[[117.57472229003906,34.55062484741211],[116.72709655761719,34.55062484741211],[116.65003967285156,34.55062484741211],[116.67723083496094,34.614952087402344],[116.7044906616211,34.679283142089844],[116.50560760498047,34.93662643432617],[116.1968994140625,34.93662643432617],[116.09750366210938,35.065311431884766],[116.18051147460938,35.258358001708984],[116.2577896118164,35.258358001708984],[116.28563690185547,35.32271194458008],[115.98983001708984,35.708900451660156],[115.23109436035156,35.38706970214844],[114.4990234375,34.93662643432617],[114.47205352783203,34.87228775024414],[114.34123229980469,34.743614196777344],[114.64656829833984,34.55062484741211],[115.49419403076172,34.55062484741211],[115.59467315673828,34.42197799682617],[116.1069564819336,34.3576545715332],[116.61572265625,34.10039138793945],[117.2310791015625,34.10039138793945],[117.6197509765625,34.2933349609375],[117.67414093017578,34.42197799682617],[117.57472229003906,34.55062484741211]]]}},{"type":"Feature","properties":{"Name":"Teng","FromYear":-750,"ToYear":-481,"Area":4224.530070260433,"Type":"POLITY","Wikipedia":"Teng (state)","SeshatID":"","MemberOf":"(Spring and Autumn States)","Components":""},"geometry":{"type":"Polygon","coordinates":[[[116.18051147460938,35.258358001708984],[116.09750366210938,35.065311431884766],[116.1968994140625,34.93662643432617],[116.50560760498047,34.93662643432617],[116.7044906616211,34.679283142089844],[117.17854309082031,35.065311431884766],[116.92533874511719,35.194007873535156],[116.98131561279297,35.32271194458008],[116.90402221679688,35.32271194458008],[116.9321060180664,35.38706970214844],[116.96026611328125,35.45143127441406],[116.67212677001953,35.32271194458008],[116.28563690185547,35.32271194458008],[116.2577896118164,35.258358001708984],[116.18051147460938,35.258358001708984]]]}},{"type":"Feature","properties":{"Name":"Chen","FromYear":-750,"ToYear":-481,"Area":4971.727588222698,"Type":"POLITY","Wikipedia":"Chen (state)","SeshatID":"","MemberOf":"(Spring and Autumn States)","Components":""},"geometry":{"type":"Polygon","coordinates":[[[114.95198822021484,34.3576545715332],[115.59467315673828,34.42197799682617],[115.49419403076172,34.55062484741211],[114.64656829833984,34.55062484741211],[114.34123229980469,34.743614196777344],[114.47205352783203,34.87228775024414],[113.75093841552734,34.80794906616211],[113.95305633544922,34.55062484741211],[113.9266357421875,34.48630142211914],[114.1557388305664,34.2933349609375],[114.87499237060547,34.3576545715332],[114.95198822021484,34.3576545715332]]]}},{"type":"Feature","properties":{"Name":"Wey","FromYear":-750,"ToYear":-551,"Area":6979.345291404579,"Type":"POLITY","Wikipedia":"Wey (state)","SeshatID":"","MemberOf":"(Spring and Autumn States)","Components":""},"geometry":{"type":"Polygon","coordinates":[[[114.25340270996094,35.45143127441406],[114.2259521484375,35.38706970214844],[114.30327606201172,35.38706970214844],[114.33074188232422,35.45143127441406],[114.4080810546875,35.45143127441406],[114.8564682006836,35.77327346801758],[115.0113525390625,35.77327346801758],[115.03944396972656,35.837650299072266],[115.11690521240234,35.837650299072266],[115.59768676757812,36.2239875793457],[115.52009582519531,36.2239875793457],[115.63568878173828,36.48161697387695],[115.44165802001953,36.73930740356445],[114.60979461669922,36.09519577026367],[114.31436920166016,35.77327346801758],[114.28092193603516,35.51579284667969],[114.25340270996094,35.45143127441406]]]}},{"type":"Feature","properties":{"Name":"Cao","FromYear":-750,"ToYear":-481,"Area":3839.7471467902633,"Type":"POLITY","Wikipedia":"Cao (state)","SeshatID":"","MemberOf":"(Spring and Autumn States)","Components":""},"geometry":{"type":"Polygon","coordinates":[[[115.0113525390625,35.77327346801758],[114.8564682006836,35.77327346801758],[114.4080810546875,35.45143127441406],[114.3758544921875,35.194007873535156],[114.4990234375,34.93662643432617],[115.23109436035156,35.38706970214844],[114.95541381835938,35.644527435302734],[115.0113525390625,35.77327346801758]]]}},{"type":"Feature","properties":{"Name":"Lu","FromYear":-750,"ToYear":-481,"Area":43470.04930716337,"Type":"POLITY","Wikipedia":"Lu (state)","SeshatID":"","MemberOf":"(Spring and Autumn States)","Components":""},"geometry":{"type":"Polygon","coordinates":[[[119.22760772705078,34.80794906616211],[118.42839050292969,34.743614196777344],[118.43501281738281,34.93662643432617],[118.2806625366211,34.93662643432617],[118.11992645263672,34.743614196777344],[117.96569061279297,34.743614196777344],[117.63545989990234,34.87228775024414],[117.768310546875,35.00096893310547],[118.05602264404297,35.12965774536133],[118.30362701416016,35.51579284667969],[118.25492095947266,35.58015823364258],[117.58705139160156,35.644527435302734],[116.96026611328125,35.45143127441406],[116.67212677001953,35.32271194458008],[116.28563690185547,35.32271194458008],[115.98983001708984,35.708900451660156],[115.23109436035156,35.38706970214844],[114.95541381835938,35.644527435302734],[115.0113525390625,35.77327346801758],[115.03944396972656,35.837650299072266],[115.11690521240234,35.837650299072266],[115.59768676757812,36.2239875793457],[115.80168914794922,36.15959167480469],[115.76497650146484,35.902034759521484],[116.04647064208984,35.837650299072266],[117.35307312011719,36.15959167480469],[119.89511108398438,36.28839111328125],[120.5292739868164,36.48161697387695],[120.73184967041016,36.417205810546875],[120.70149230957031,36.3527946472168],[120.65852355957031,36.09519577026367],[120.31848907470703,36.03080368041992],[119.98648071289062,35.644527435302734],[119.61874389648438,35.51579284667969],[119.25574493408203,34.87228775024414],[119.22760772705078,34.80794906616211]]]}},{"type":"Feature","properties":{"Name":"Zheng","FromYear":-750,"ToYear":-451,"Area":5552.990150388655,"Type":"POLITY","Wikipedia":"Zheng (state)","SeshatID":"","MemberOf":"(Spring and Autumn States)","Components":""},"geometry":{"type":"Polygon","coordinates":[[[113.68472290039062,35.38706970214844],[113.60740661621094,35.38706970214844],[113.53009033203125,35.38706970214844],[113.34137725830078,34.93662643432617],[113.6738052368164,34.80794906616211],[113.75093841552734,34.80794906616211],[114.47205352783203,34.87228775024414],[114.4990234375,34.93662643432617],[114.3758544921875,35.194007873535156],[114.4080810546875,35.45143127441406],[114.33074188232422,35.45143127441406],[114.30327606201172,35.38706970214844],[114.2259521484375,35.38706970214844],[113.76204681396484,35.38706970214844],[113.68472290039062,35.38706970214844]]]}},{"type":"Feature","properties":{"Name":"Cai","FromYear":-750,"ToYear":-481,"Area":3733.2072897097473,"Type":"POLITY","Wikipedia":"Cai (state)","SeshatID":"","MemberOf":"(Spring and Autumn States)","Components":""},"geometry":{"type":"Polygon","coordinates":[[[113.9266357421875,34.48630142211914],[113.59083557128906,34.22901916503906],[113.38738250732422,34.48630142211914],[113.02838134765625,34.55062484741211],[113.0302505493164,34.743614196777344],[113.05670928955078,34.80794906616211],[113.13385009765625,34.80794906616211],[113.160400390625,34.87228775024414],[113.23755645751953,34.87228775024414],[113.26419830322266,34.93662643432617],[113.34137725830078,34.93662643432617],[113.6738052368164,34.80794906616211],[113.75093841552734,34.80794906616211],[113.95305633544922,34.55062484741211],[113.9266357421875,34.48630142211914]]]}},{"type":"Feature","properties":{"Name":"Zhu","FromYear":-750,"ToYear":-451,"Area":6449.24618360599,"Type":"POLITY","Wikipedia":"Zhu (state)","SeshatID":"","MemberOf":"(Spring and Autumn States)","Components":""},"geometry":{"type":"Polygon","coordinates":[[[116.98131561279297,35.32271194458008],[116.92533874511719,35.194007873535156],[117.17854309082031,35.065311431884766],[117.768310546875,35.00096893310547],[118.05602264404297,35.12965774536133],[118.30362701416016,35.51579284667969],[118.25492095947266,35.58015823364258],[117.58705139160156,35.644527435302734],[116.96026611328125,35.45143127441406],[116.9321060180664,35.38706970214844],[116.90402221679688,35.32271194458008],[116.98131561279297,35.32271194458008]]]}},{"type":"Feature","properties":{"Name":"Yan","FromYear":-750,"ToYear":-405,"Area":49598.941432790445,"Type":"POLITY","Wikipedia":"Yan (state)","SeshatID":"","MemberOf":"(Spring and Autumn States)","Components":""},"geometry":{"type":"Polygon","coordinates":[[[119.3191146850586,39.51427459716797],[119.38044738769531,39.77294921875],[120.50029754638672,40.225894927978516],[120.64734649658203,40.4848747253418],[121.22704315185547,40.93837356567383],[119.34424591064453,40.42012023925781],[117.5674819946289,40.355369567871094],[116.45215606689453,39.90232849121094],[116.1364517211914,39.90232849121094],[116.10205078125,39.8376350402832],[115.8647689819336,39.38497543334961],[116.1009292602539,39.38497543334961],[116.09193420410156,39.06184005737305],[116.2618408203125,38.93262481689453],[116.16387939453125,38.738853454589844],[116.39930725097656,38.738853454589844],[116.1453628540039,38.54513168334961],[117.19712829589844,38.60969924926758],[117.22977447509766,38.67427444458008],[117.62202453613281,38.67427444458008],[117.67569732666016,38.93262481689453],[117.88837432861328,39.19107437133789],[118.04566192626953,39.19107437133789],[118.0568618774414,39.06184005737305],[118.44984436035156,39.06184005737305],[118.98941802978516,39.19107437133789],[119.28438568115234,39.449623107910156],[119.3191146850586,39.51427459716797]]]}},{"type":"Feature","properties":{"Name":"Later Zhou","FromYear":-750,"ToYear":-451,"Area":9655.823385826852,"Type":"POLITY","Wikipedia":"Later Zhou","SeshatID":"","MemberOf":"(Spring and Autumn States)","Components":""},"geometry":{"type":"Polygon","coordinates":[[[112.38590240478516,34.48630142211914],[112.61701202392578,34.48630142211914],[113.0302505493164,34.743614196777344],[113.05670928955078,34.80794906616211],[113.13385009765625,34.80794906616211],[113.160400390625,34.87228775024414],[113.23755645751953,34.87228775024414],[113.26419830322266,34.93662643432617],[113.34137725830078,34.93662643432617],[113.53009033203125,35.38706970214844],[112.3199234008789,35.45143127441406],[112.10655212402344,34.93662643432617],[112.18373107910156,34.93662643432617],[112.15479278564453,34.48630142211914],[112.23182678222656,34.48630142211914],[112.3088607788086,34.48630142211914],[112.38590240478516,34.48630142211914]]]}},{"type":"Feature","properties":{"Name":"Xu","FromYear":-750,"ToYear":-451,"Area":4786.4721408831165,"Type":"POLITY","Wikipedia":"Xu (state)","SeshatID":"","MemberOf":"(Spring and Autumn States)","Components":""},"geometry":{"type":"Polygon","coordinates":[[[116.72709655761719,34.55062484741211],[117.57472229003906,34.55062484741211],[117.67414093017578,34.42197799682617],[117.96569061279297,34.743614196777344],[117.63545989990234,34.87228775024414],[117.768310546875,35.00096893310547],[117.17854309082031,35.065311431884766],[116.7044906616211,34.679283142089844],[116.67723083496094,34.614952087402344],[116.65003967285156,34.55062484741211],[116.72709655761719,34.55062484741211]]]}},{"type":"Feature","properties":{"Name":"Wu","FromYear":-750,"ToYear":-551,"Area":193430.20533788725,"Type":"POLITY","Wikipedia":"Wu (state)","SeshatID":"","MemberOf":"(Spring and Autumn States)","Components":""},"geometry":{"type":"Polygon","coordinates":[[[117.95987701416016,29.536611557006836],[117.88418579101562,29.536611557006836],[117.90544128417969,29.600887298583984],[117.52689361572266,29.600887298583984],[117.19082641601562,29.729440689086914],[116.73638153076172,29.729440689086914],[116.27002716064453,29.922264099121094],[116.09661102294922,30.307893753051758],[116.1185531616211,30.372163772583008],[116.83740234375,30.69350814819336],[117.020751953125,31.20764923095703],[117.10957336425781,31.65752601623535],[118.31936645507812,32.428794860839844],[118.90580749511719,32.94303894042969],[118.57463073730469,33.07160949707031],[118.4489974975586,33.32876968383789],[118.11795043945312,33.45735549926758],[118.04361724853516,33.65024948120117],[117.76293182373047,33.71455001831055],[117.73924255371094,33.84315490722656],[117.2310791015625,34.10039138793945],[117.6197509765625,34.2933349609375],[117.67414093017578,34.42197799682617],[117.96569061279297,34.743614196777344],[118.11992645263672,34.743614196777344],[118.2806625366211,34.93662643432617],[118.43501281738281,34.93662643432617],[118.42839050292969,34.743614196777344],[119.22760772705078,34.80794906616211],[119.30474853515625,34.80794906616211],[119.71125030517578,34.679283142089844],[119.73230743408203,34.55062484741211],[119.98465728759766,34.42197799682617],[120.3418197631836,34.3576545715332],[120.31398010253906,34.2933349609375],[120.48936462402344,34.164703369140625],[120.55045318603516,33.5859489440918],[120.92630004882812,33.20018768310547],[120.91920471191406,32.62162780761719],[121.40264892578125,32.493072509765625],[121.50330352783203,32.171695709228516],[121.78321075439453,32.107421875],[121.98702239990234,31.8503360748291],[121.83556365966797,31.65752601623535],[121.68311309814453,31.65752601623535],[121.58055877685547,31.78606605529785],[120.99542236328125,31.8503360748291],[120.91914367675781,31.8503360748291],[120.89421844482422,31.78606605529785],[120.97047424316406,31.78606605529785],[121.04673767089844,31.78606605529785],[121.63350677490234,31.528987884521484],[121.58425903320312,31.40045166015625],[121.73657989501953,31.40045166015625],[121.99526977539062,31.079113006591797],[121.89926147460938,30.822044372558594],[121.51921844482422,30.822044372558594],[121.19719696044922,30.564971923828125],[121.04530334472656,30.564971923828125],[120.67976379394531,30.179353713989258],[120.80880737304688,30.115081787109375],[121.10469055175781,30.307893753051758],[121.48409271240234,30.307893753051758],[121.6202392578125,30.050809860229492],[122.02978515625,29.922264099121094],[121.82032775878906,29.536611557006836],[121.41998291015625,29.472333908081055],[121.3124008178711,29.600887298583984],[120.242431640625,29.79371452331543],[119.77836608886719,29.986536026000977],[119.22569274902344,29.922264099121094],[118.35970306396484,29.600887298583984],[117.98114776611328,29.600887298583984],[117.95987701416016,29.536611557006836]]]}},{"type":"Feature","properties":{"Name":"Chu","FromYear":-700,"ToYear":-481,"Area":353292.4864529284,"Type":"POLITY","Wikipedia":"Chu (state)","SeshatID":"cn_chu_dyn_spring_and_autumn","MemberOf":"(Chu);(Spring and Autumn States)","Components":""},"geometry":{"type":"Polygon","coordinates":[[[114.95198822021484,34.3576545715332],[115.59467315673828,34.42197799682617],[116.1069564819336,34.3576545715332],[116.61572265625,34.10039138793945],[117.2310791015625,34.10039138793945],[117.73924255371094,33.84315490722656],[117.76293182373047,33.71455001831055],[118.04361724853516,33.65024948120117],[118.11795043945312,33.45735549926758],[118.4489974975586,33.32876968383789],[118.57463073730469,33.07160949707031],[118.90580749511719,32.94303894042969],[118.31936645507812,32.428794860839844],[117.10957336425781,31.65752601623535],[117.020751953125,31.20764923095703],[116.83740234375,30.69350814819336],[116.1185531616211,30.372163772583008],[116.04265594482422,30.372163772583008],[114.11265563964844,30.500701904296875],[113.95056915283203,30.243623733520508],[113.58361053466797,30.050809860229492],[113.26678466796875,29.536611557006836],[112.90369415283203,29.34377670288086],[111.99589538574219,29.34377670288086],[111.80860900878906,29.472333908081055],[111.29871368408203,29.536611557006836],[110.66183471679688,29.922264099121094],[110.22734069824219,29.986536026000977],[110.4056167602539,30.307893753051758],[109.91582489013672,30.436433792114258],[109.4763412475586,30.950578689575195],[109.48612213134766,31.20764923095703],[109.35553741455078,31.271915435791016],[109.4751968383789,31.40045166015625],[109.3124771118164,31.593257904052734],[109.62882995605469,32.493072509765625],[109.55238342285156,32.493072509765625],[109.81649017333984,33.00732421875],[109.71090698242188,33.13589859008789],[109.78289031982422,33.32876968383789],[110.21489715576172,33.45735549926758],[110.21150970458984,33.65024948120117],[110.49124145507812,33.77885055541992],[110.4889907836914,33.971771240234375],[110.87198638916016,34.164703369140625],[110.89728546142578,34.22901916503906],[112.15479278564453,34.48630142211914],[112.23182678222656,34.48630142211914],[112.3088607788086,34.48630142211914],[112.38590240478516,34.48630142211914],[112.61701202392578,34.48630142211914],[113.0302505493164,34.743614196777344],[113.02838134765625,34.55062484741211],[113.38738250732422,34.48630142211914],[113.59083557128906,34.22901916503906],[113.9266357421875,34.48630142211914],[114.1557388305664,34.2933349609375],[114.87499237060547,34.3576545715332],[114.95198822021484,34.3576545715332]]]}},{"type":"Feature","properties":{"Name":"Hadhramaut","FromYear":-700,"ToYear":-351,"Area":85919.41161885978,"Type":"POLITY","Wikipedia":"Hadhramaut","SeshatID":"","MemberOf":"","Components":""},"geometry":{"type":"MultiPolygon","coordinates":[[[[51.07392501831055,15.457538604736328],[50.84516906738281,15.328963279724121],[50.75175476074219,15.007523536682129],[49.409767150878906,14.686083793640137],[47.52102279663086,15.07181167602539],[47.52838134765625,15.200387001037598],[46.5062255859375,15.328963279724121],[46.222957611083984,15.52182674407959],[46.14939498901367,15.52182674407959],[46.38114929199219,15.714691162109375],[46.46971130371094,15.971842765808105],[46.47349166870117,16.036130905151367],[46.55471420288086,16.16470718383789],[46.698150634765625,16.100418090820312],[48.11691665649414,16.421857833862305],[49.59426498413086,16.486146926879883],[50.11839294433594,16.614723205566406],[50.48252487182617,16.550434112548828],[51.080589294433594,16.67901039123535],[51.88673400878906,16.614723205566406],[51.95158767700195,16.486146926879883],[51.86045455932617,16.228994369506836],[51.24172592163086,15.77897834777832],[51.0780143737793,15.52182674407959],[51.07392501831055,15.457538604736328]]],[[[46.70197677612305,16.16470718383789],[46.62834548950195,16.16470718383789],[46.63217544555664,16.228994369506836],[46.705814361572266,16.228994369506836],[46.70197677612305,16.16470718383789]]]]}},{"type":"Feature","properties":{"Name":"(Chu)","FromYear":-700,"ToYear":-481,"Area":353292.4864529284,"Type":"POLITY","Wikipedia":"Chu (state)","SeshatID":"cn_chu_dyn_spring_and_autumn","MemberOf":"(Spring and Autumn States)","Components":"Chu"},"geometry":{"type":"Polygon","coordinates":[[[114.95198822021484,34.3576545715332],[115.59467315673828,34.42197799682617],[116.1069564819336,34.3576545715332],[116.61572265625,34.10039138793945],[117.2310791015625,34.10039138793945],[117.73924255371094,33.84315490722656],[117.76293182373047,33.71455001831055],[118.04361724853516,33.65024948120117],[118.11795043945312,33.45735549926758],[118.4489974975586,33.32876968383789],[118.57463073730469,33.07160949707031],[118.90580749511719,32.94303894042969],[118.31936645507812,32.428794860839844],[117.10957336425781,31.65752601623535],[117.020751953125,31.20764923095703],[116.83740234375,30.69350814819336],[116.1185531616211,30.372163772583008],[116.04265594482422,30.372163772583008],[114.11265563964844,30.500701904296875],[113.95056915283203,30.243623733520508],[113.58361053466797,30.050809860229492],[113.26678466796875,29.536611557006836],[112.90369415283203,29.34377670288086],[111.99589538574219,29.34377670288086],[111.80860900878906,29.472333908081055],[111.29871368408203,29.536611557006836],[110.66183471679688,29.922264099121094],[110.22734069824219,29.986536026000977],[110.4056167602539,30.307893753051758],[109.91582489013672,30.436433792114258],[109.4763412475586,30.950578689575195],[109.48612213134766,31.20764923095703],[109.35553741455078,31.271915435791016],[109.4751968383789,31.40045166015625],[109.3124771118164,31.593257904052734],[109.62882995605469,32.493072509765625],[109.55238342285156,32.493072509765625],[109.81649017333984,33.00732421875],[109.71090698242188,33.13589859008789],[109.78289031982422,33.32876968383789],[110.21489715576172,33.45735549926758],[110.21150970458984,33.65024948120117],[110.49124145507812,33.77885055541992],[110.4889907836914,33.971771240234375],[110.87198638916016,34.164703369140625],[110.89728546142578,34.22901916503906],[112.15479278564453,34.48630142211914],[112.23182678222656,34.48630142211914],[112.3088607788086,34.48630142211914],[112.38590240478516,34.48630142211914],[112.61701202392578,34.48630142211914],[113.0302505493164,34.743614196777344],[113.02838134765625,34.55062484741211],[113.38738250732422,34.48630142211914],[113.59083557128906,34.22901916503906],[113.9266357421875,34.48630142211914],[114.1557388305664,34.2933349609375],[114.87499237060547,34.3576545715332],[114.95198822021484,34.3576545715332]]]}},{"type":"Feature","properties":{"Name":"Sabaeans","FromYear":-675,"ToYear":-551,"Area":55243.10076667324,"Type":"POLITY","Wikipedia":"Sabaeans","SeshatID":"ye_sabaean_commonwealth","MemberOf":"","Components":""},"geometry":{"type":"MultiPolygon","coordinates":[[[[45.91789627075195,15.328963279724121],[45.84435272216797,15.328963279724121],[45.847938537597656,15.393251419067383],[45.921485900878906,15.393251419067383],[45.91789627075195,15.328963279724121]]],[[[44.18781661987305,15.971842765808105],[44.327919006347656,15.843266487121582],[44.92754364013672,16.036130905151367],[45.06749725341797,15.907554626464844],[45.365570068359375,15.971842765808105],[45.579044342041016,15.843266487121582],[46.39610290527344,15.971842765808105],[46.46971130371094,15.971842765808105],[46.38114929199219,15.714691162109375],[46.14939498901367,15.52182674407959],[46.07583236694336,15.52182674407959],[45.85514831542969,15.52182674407959],[45.847938537597656,15.393251419067383],[45.403106689453125,15.328963279724121],[45.32253646850586,15.200387001037598],[45.17897415161133,15.26467514038086],[45.024959564208984,15.136098861694336],[42.81605529785156,15.07181167602539],[42.765567779541016,15.52182674407959],[42.6920051574707,15.52182674407959],[42.8239860534668,16.614723205566406],[42.476654052734375,17.000450134277344],[42.48728942871094,17.193313598632812],[42.63478469848633,17.193313598632812],[43.02164077758789,17.514753341674805],[43.03257751464844,17.707616806030273],[43.250328063964844,17.643327713012695],[43.552940368652344,17.77190399169922],[43.89961624145508,17.38617706298828],[43.81843948364258,17.257600784301758],[43.89219284057617,17.257600784301758],[43.873756408691406,16.9361629486084],[44.00288009643555,16.614723205566406],[43.911155700683594,16.293283462524414],[44.04770278930664,16.100418090820312],[44.194950103759766,16.100418090820312],[44.26857376098633,16.100418090820312],[44.18781661987305,15.971842765808105]]]]}},{"type":"Feature","properties":{"Name":"(Macedonian Empire)","FromYear":-675,"ToYear":-551,"Area":2705.716791723406,"Type":"POLITY","Wikipedia":"Macedonia (ancient kingdom)","SeshatID":"","MemberOf":"","Components":"Macedonian Empire"},"geometry":{"type":"Polygon","coordinates":[[[22.009584426879883,40.42012023925781],[22.077226638793945,40.225894927978516],[22.23920249938965,40.29063034057617],[22.46076011657715,40.031734466552734],[22.697689056396484,40.031734466552734],[22.543659210205078,40.0964469909668],[22.658945083618164,40.6791877746582],[22.0250186920166,40.6791877746582],[22.08871841430664,40.42012023925781],[22.009584426879883,40.42012023925781]]]}},{"type":"Feature","properties":{"Name":"Macedonian Empire","FromYear":-675,"ToYear":-551,"Area":2705.716791723406,"Type":"POLITY","Wikipedia":"Macedonia (ancient kingdom)","SeshatID":"","MemberOf":"(Macedonian Empire)","Components":""},"geometry":{"type":"Polygon","coordinates":[[[22.009584426879883,40.42012023925781],[22.077226638793945,40.225894927978516],[22.23920249938965,40.29063034057617],[22.46076011657715,40.031734466552734],[22.697689056396484,40.031734466552734],[22.543659210205078,40.0964469909668],[22.658945083618164,40.6791877746582],[22.0250186920166,40.6791877746582],[22.08871841430664,40.42012023925781],[22.009584426879883,40.42012023925781]]]}},{"type":"Feature","properties":{"Name":"Olmec Civilization","FromYear":-650,"ToYear":-367,"Area":17602.6378658469,"Type":"POLITY","Wikipedia":"Olmecs","SeshatID":"","MemberOf":"","Components":""},"geometry":{"type":"Polygon","coordinates":[[[-94.05217742919922,18.286205291748047],[-94.56932067871094,18.286205291748047],[-94.69523620605469,18.157629013061523],[-94.91682434082031,18.157629013061523],[-95.34127044677734,18.479066848754883],[-95.48906707763672,18.479066848754883],[-95.51134490966797,18.607641220092773],[-95.37467193603516,18.67193031311035],[-95.47100830078125,18.800504684448242],[-95.84071350097656,18.800504684448242],[-95.95484924316406,18.607641220092773],[-95.93247985839844,18.479066848754883],[-95.45585632324219,18.286205291748047],[-95.10572052001953,17.964767456054688],[-94.22947692871094,17.57904052734375],[-93.66021728515625,17.707616806030273],[-93.68143463134766,17.836191177368164],[-92.78551483154297,18.2219181060791],[-92.6916275024414,18.543354034423828],[-93.49372100830078,18.479066848754883],[-93.9782943725586,18.286205291748047],[-94.05217742919922,18.286205291748047]]]}},{"type":"Feature","properties":{"Name":"Etruscans","FromYear":-650,"ToYear":-601,"Area":47556.470876850355,"Type":"POLITY","Wikipedia":"Etruscan civilization","SeshatID":"","MemberOf":"","Components":""},"geometry":{"type":"MultiPolygon","coordinates":[[[[10.214488983154297,42.88639831542969],[10.45510196685791,42.88639831542969],[10.455166816711426,42.691246032714844],[10.21481990814209,42.691246032714844],[10.134284973144531,42.88639831542969],[10.214488983154297,42.88639831542969]]],[[[12.949548721313477,43.472347259521484],[13.181062698364258,42.82133865356445],[13.499558448791504,42.691246032714844],[13.41730785369873,42.56119155883789],[13.257194519042969,42.56119155883789],[13.331077575683594,42.17123794555664],[13.092367172241211,42.236209869384766],[13.01064395904541,42.10627746582031],[13.329041481018066,42.041324615478516],[13.327016830444336,41.911441802978516],[13.565226554870605,41.84651184082031],[13.805622100830078,41.911441802978516],[14.041145324707031,41.71668243408203],[14.034932136535645,41.39224624633789],[13.871185302734375,41.132843017578125],[13.714534759521484,41.26253128051758],[13.000019073486328,41.32738494873047],[12.922186851501465,41.45711898803711],[12.604641914367676,41.521995544433594],[12.130502700805664,41.911441802978516],[12.131669044494629,42.041324615478516],[11.733430862426758,42.17123794555664],[11.654799461364746,42.36617660522461],[11.494501113891602,42.30118942260742],[11.415224075317383,42.43117141723633],[11.255227088928223,42.43117141723633],[11.175962448120117,42.62621307373047],[11.015789985656738,42.62621307373047],[11.01634693145752,42.82133865356445],[10.535322189331055,43.08163070678711],[10.293390274047852,43.79821014404297],[10.696523666381836,43.79821014404297],[10.938810348510742,43.99384307861328],[10.858290672302246,44.12431716918945],[11.019851684570312,44.12431716918945],[11.101553916931152,44.45067596435547],[11.344633102416992,44.5159797668457],[11.505900382995605,44.38538360595703],[11.504880905151367,44.18956756591797],[11.82766056060791,44.12431716918945],[11.746440887451172,44.05907440185547],[11.825298309326172,43.79821014404297],[12.467425346374512,43.53750228881836],[12.546424865722656,43.407203674316406],[12.869074821472168,43.472347259521484],[12.949548721313477,43.472347259521484]]]]}},{"type":"Feature","properties":{"Name":"(Carthage)","FromYear":-630,"ToYear":-501,"Area":12267.345574433812,"Type":"POLITY","Wikipedia":"Ancient Carthage","SeshatID":"tn_carthage_emp","MemberOf":"","Components":"Carthage"},"geometry":{"type":"Polygon","coordinates":[[[10.851000785827637,35.708900451660156],[10.463515281677246,35.902034759521484],[10.540250778198242,36.3527946472168],[10.462488174438477,36.417205810546875],[11.006199836730957,36.80373764038086],[11.006271362304688,36.9970588684082],[10.461837768554688,36.73930740356445],[10.228352546691895,36.80373764038086],[10.305440902709961,37.06150817871094],[10.227567672729492,37.06150817871094],[10.226980209350586,37.254878997802734],[9.993423461914062,37.1904182434082],[9.759011268615723,37.3193473815918],[8.82585620880127,37.06150817871094],[9.217632293701172,36.73930740356445],[9.682808876037598,36.9970588684082],[9.994474411010742,36.932613372802734],[9.840039253234863,36.67487716674805],[10.307524681091309,36.28839111328125],[10.308037757873535,36.09519577026367],[10.153155326843262,36.03080368041992],[10.153576850891113,35.902034759521484],[10.30854606628418,35.902034759521484],[10.231438636779785,35.77327346801758],[10.309703826904297,35.45143127441406],[10.619216918945312,35.32271194458008],[10.773813247680664,35.32271194458008],[10.85107707977295,35.45143127441406],[11.083049774169922,35.38706970214844],[11.08318042755127,35.58015823364258],[10.851019859313965,35.644527435302734],[10.851000785827637,35.708900451660156]],[[10.14969539642334,37.06150817871094],[10.227567672729492,37.06150817871094],[10.227764129638672,36.9970588684082],[10.149913787841797,36.9970588684082],[10.14969539642334,37.06150817871094]]]}},{"type":"Feature","properties":{"Name":"Kingdom of Kush","FromYear":-630,"ToYear":337,"Area":336379.1560970084,"Type":"POLITY","Wikipedia":"Kingdom of Kush","SeshatID":"","MemberOf":"","Components":""},"geometry":{"type":"Polygon","coordinates":[[[33.83782196044922,22.079116821289062],[33.76346206665039,22.079116821289062],[33.835208892822266,22.014829635620117],[33.74533462524414,21.629112243652344],[33.81963348388672,21.629112243652344],[34.25754165649414,19.6362361907959],[34.468746185302734,19.379087448120117],[34.597408294677734,18.929079055786133],[34.87919235229492,18.607641220092773],[34.93901062011719,18.286205291748047],[35.299827575683594,18.093341827392578],[35.50127029418945,17.643327713012695],[36.00331497192383,17.321889877319336],[36.05393600463867,16.807586669921875],[35.67131805419922,16.486146926879883],[34.71365737915039,16.486146926879883],[34.55558776855469,16.228994369506836],[34.68425369262695,15.77897834777832],[34.098121643066406,15.843266487121582],[33.86210632324219,15.457538604736328],[32.52862548828125,15.200387001037598],[32.533355712890625,15.328963279724121],[32.09444808959961,15.393251419067383],[31.733671188354492,15.586114883422852],[31.5269718170166,15.971842765808105],[31.536441802978516,16.228994369506836],[31.39390754699707,16.35757064819336],[31.47713279724121,16.614723205566406],[31.336956024169922,16.807586669921875],[31.220840454101562,17.643327713012695],[31.14703941345215,17.643327713012695],[30.876768112182617,20.343387603759766],[30.80263328552246,20.343387603759766],[30.81843376159668,20.793392181396484],[30.744239807128906,20.793392181396484],[30.762121200561523,21.307680130004883],[30.687862396240234,21.307680130004883],[30.63583755493164,21.950544357299805],[30.561492919921875,21.950544357299805],[30.72144317626953,22.271976470947266],[30.742036819458008,22.85055923461914],[30.534862518310547,23.30057144165039],[30.537214279174805,23.36486053466797],[31.670488357543945,23.75058937072754],[32.040863037109375,23.68630027770996],[33.38899612426758,23.814878463745117],[33.6817741394043,23.68630027770996],[33.67897033691406,23.622013092041016],[33.8225212097168,23.493436813354492],[33.80870819091797,23.171995162963867],[33.88322067260742,23.171995162963867],[33.84043502807617,22.143402099609375],[33.83782196044922,22.079116821289062]]]}},{"type":"Feature","properties":{"Name":"Carthage","FromYear":-630,"ToYear":-501,"Area":12267.345574433812,"Type":"POLITY","Wikipedia":"Ancient Carthage","SeshatID":"tn_carthage_emp","MemberOf":"(Carthage)","Components":""},"geometry":{"type":"Polygon","coordinates":[[[10.851000785827637,35.708900451660156],[10.463515281677246,35.902034759521484],[10.540250778198242,36.3527946472168],[10.462488174438477,36.417205810546875],[11.006199836730957,36.80373764038086],[11.006271362304688,36.9970588684082],[10.461837768554688,36.73930740356445],[10.228352546691895,36.80373764038086],[10.305440902709961,37.06150817871094],[10.227567672729492,37.06150817871094],[10.226980209350586,37.254878997802734],[9.993423461914062,37.1904182434082],[9.759011268615723,37.3193473815918],[8.82585620880127,37.06150817871094],[9.217632293701172,36.73930740356445],[9.682808876037598,36.9970588684082],[9.994474411010742,36.932613372802734],[9.840039253234863,36.67487716674805],[10.307524681091309,36.28839111328125],[10.308037757873535,36.09519577026367],[10.153155326843262,36.03080368041992],[10.153576850891113,35.902034759521484],[10.30854606628418,35.902034759521484],[10.231438636779785,35.77327346801758],[10.309703826904297,35.45143127441406],[10.619216918945312,35.32271194458008],[10.773813247680664,35.32271194458008],[10.85107707977295,35.45143127441406],[11.083049774169922,35.38706970214844],[11.08318042755127,35.58015823364258],[10.851019859313965,35.644527435302734],[10.851000785827637,35.708900451660156]],[[10.14969539642334,37.06150817871094],[10.227567672729492,37.06150817871094],[10.227764129638672,36.9970588684082],[10.149913787841797,36.9970588684082],[10.14969539642334,37.06150817871094]]]}},{"type":"Feature","properties":{"Name":"Lydia","FromYear":-615,"ToYear":-601,"Area":255809.00573026936,"Type":"POLITY","Wikipedia":"Lydia","SeshatID":"tr_lydia_k","MemberOf":"","Components":""},"geometry":{"type":"Polygon","coordinates":[[[34.307334899902344,40.6791877746582],[33.99037551879883,40.6791877746582],[34.07027816772461,40.031734466552734],[33.5174446105957,40.031734466552734],[33.416107177734375,39.8376350402832],[33.1648063659668,39.70827102661133],[33.12880325317383,39.38497543334961],[33.35777282714844,39.320335388183594],[33.47937774658203,38.997230529785156],[33.78649139404297,38.93262481689453],[33.70082092285156,38.8680305480957],[33.7580680847168,38.67427444458008],[33.58720779418945,38.54513168334961],[33.35200119018555,38.54513168334961],[33.25993347167969,38.416015625],[33.2396240234375,38.22237777709961],[33.38268280029297,38.09331130981445],[33.291080474853516,37.96426773071289],[33.50556945800781,37.7707405090332],[33.24502944946289,37.51277160644531],[33.01737976074219,37.5772590637207],[32.82950973510742,37.254878997802734],[31.744348526000977,37.3193473815918],[31.08603858947754,36.932613372802734],[30.619068145751953,36.932613372802734],[30.524646759033203,36.73930740356445],[29.503324508666992,36.61045455932617],[28.736103057861328,36.73930740356445],[28.590524673461914,36.8681755065918],[28.512718200683594,36.8681755065918],[28.241052627563477,37.38381576538086],[27.700023651123047,37.44829177856445],[27.631746292114258,37.5772590637207],[27.47564125061035,37.5772590637207],[27.416982650756836,37.835243225097656],[27.421873092651367,37.89975357055664],[27.143293380737305,38.351463317871094],[27.163177490234375,38.60969924926758],[27.011295318603516,38.67427444458008],[27.10484504699707,38.8680305480957],[27.34556007385254,38.93262481689453],[27.44499397277832,39.19107437133789],[27.303434371948242,39.38497543334961],[26.909828186035156,39.38497543334961],[26.82089614868164,39.25570297241211],[26.742225646972656,39.25570297241211],[26.747295379638672,39.320335388183594],[26.75238609313965,39.38497543334961],[26.831106185913086,39.38497543334961],[26.83624267578125,39.449623107910156],[26.841400146484375,39.51427459716797],[27.16706657409668,39.64360046386719],[27.019989013671875,39.77294921875],[26.704496383666992,39.77294921875],[26.70970916748047,39.8376350402832],[26.65707778930664,40.16116714477539],[27.37388801574707,40.225894927978516],[27.464174270629883,40.355369567871094],[27.54328155517578,40.355369567871094],[27.695789337158203,40.29063034057617],[27.792133331298828,40.4848747253418],[27.950454711914062,40.4848747253418],[27.938817977905273,40.355369567871094],[29.046321868896484,40.355369567871094],[28.900379180908203,40.4848747253418],[28.91274642944336,40.614410400390625],[29.480079650878906,40.74397277832031],[29.493009567260742,40.873565673828125],[29.24864959716797,40.80876541137695],[29.366811752319336,41.19768524169922],[30.47923469543457,41.19768524169922],[30.62422752380371,41.06801223754883],[31.1800537109375,41.06801223754883],[31.534175872802734,41.39224624633789],[32.02653121948242,41.521995544433594],[32.04172897338867,41.65177917480469],[32.1933708190918,41.586883544921875],[32.694705963134766,41.781593322753906],[32.630775451660156,41.911441802978516],[34.78450012207031,41.911441802978516],[34.881736755371094,42.041324615478516],[35.121212005615234,42.041324615478516],[35.15697479248047,41.71668243408203],[34.82962417602539,41.65177917480469],[34.56520462036133,41.45711898803711],[34.53998565673828,41.26253128051758],[34.38101577758789,41.26253128051758],[34.28501510620117,41.132843017578125],[34.268611907958984,41.00318908691406],[34.41096496582031,40.873565673828125],[34.31541061401367,40.74397277832031],[34.307334899902344,40.6791877746582]]]}},{"type":"Feature","properties":{"Name":"Kingdom of Urartu","FromYear":-615,"ToYear":-601,"Area":161552.14355469195,"Type":"POLITY","Wikipedia":"Urartu","SeshatID":"","MemberOf":"","Components":""},"geometry":{"type":"Polygon","coordinates":[[[44.95840835571289,40.42012023925781],[44.92559814453125,40.6791877746582],[44.065338134765625,40.74397277832031],[44.1906623840332,41.00318908691406],[44.04346466064453,41.06801223754883],[44.06669235229492,41.19768524169922],[43.204010009765625,41.26253128051758],[43.10188293457031,41.132843017578125],[42.863590240478516,41.132843017578125],[42.75080490112305,40.93837356567383],[42.592105865478516,40.93837356567383],[42.466434478759766,41.132843017578125],[41.91041564941406,41.132843017578125],[41.787899017333984,40.873565673828125],[41.560569763183594,40.93837356567383],[40.932769775390625,40.4848747253418],[40.78462219238281,40.54964065551758],[40.58599090576172,40.29063034057617],[40.12135314941406,40.355369567871094],[39.766170501708984,40.0964469909668],[38.925289154052734,40.29063034057617],[38.2834358215332,40.225894927978516],[37.59885787963867,39.25570297241211],[37.43308639526367,39.19107437133789],[37.41632843017578,39.06184005737305],[37.49492645263672,39.06184005737305],[37.3831901550293,38.80344009399414],[37.304691314697266,38.80344009399414],[37.28023147583008,38.60969924926758],[37.57759094238281,38.48057174682617],[37.84220504760742,38.09331130981445],[38.147010803222656,38.028785705566406],[38.31162643432617,38.09331130981445],[38.42300796508789,38.351463317871094],[38.65800094604492,38.351463317871094],[38.86766815185547,38.157840728759766],[39.18071365356445,38.157840728759766],[39.47618103027344,38.60969924926758],[40.016239166259766,38.54513168334961],[40.112586975097656,38.67427444458008],[40.74940872192383,38.738853454589844],[40.846466064453125,38.8680305480957],[41.38665008544922,38.80344009399414],[41.48419189453125,38.93262481689453],[41.71983337402344,38.93262481689453],[41.76958465576172,38.738853454589844],[42.005008697509766,38.738853454589844],[42.68233108520508,39.06184005737305],[42.89805603027344,38.93262481689453],[43.22235870361328,38.997230529785156],[43.280696868896484,38.8680305480957],[44.45452117919922,38.351463317871094],[44.30603790283203,37.89975357055664],[44.58888626098633,37.706241607666016],[44.627601623535156,37.44829177856445],[44.84199523925781,37.3193473815918],[44.919960021972656,37.3193473815918],[45.24171829223633,37.38381576538086],[45.26163864135742,37.51277160644531],[45.12554168701172,37.641746520996094],[45.196502685546875,38.09331130981445],[44.982242584228516,38.22237777709961],[45.023590087890625,38.48057174682617],[45.30095672607422,38.738853454589844],[45.63640213012695,38.8680305480957],[46.1075439453125,38.8680305480957],[46.14059829711914,39.06184005737305],[46.0620002746582,39.06184005737305],[46.09535217285156,39.25570297241211],[45.88163375854492,39.38497543334961],[45.90409851074219,39.51427459716797],[45.7578010559082,39.57893371582031],[45.96101760864258,39.8376350402832],[45.53334045410156,40.0964469909668],[45.11564254760742,39.9670295715332],[45.093605041503906,40.29063034057617],[44.946903228759766,40.355369567871094],[44.95840835571289,40.42012023925781]]]}},{"type":"Feature","properties":{"Name":"Twenty-sixth Dynasty of Egypt","FromYear":-615,"ToYear":-551,"Area":452849.4488884285,"Type":"POLITY","Wikipedia":"Twenty-sixth Dynasty of Egypt","SeshatID":"","MemberOf":"","Components":""},"geometry":{"type":"Polygon","coordinates":[[[32.23719787597656,31.20764923095703],[32.303932189941406,31.079113006591797],[31.999635696411133,31.079113006591797],[31.93739891052246,31.271915435791016],[31.780553817749023,31.20764923095703],[31.875221252441406,31.464719772338867],[31.265825271606445,31.464719772338867],[31.117990493774414,31.528987884521484],[31.203296661376953,31.65752601623535],[30.974620819091797,31.65752601623535],[30.965608596801758,31.528987884521484],[30.80877685546875,31.464719772338867],[30.351730346679688,31.464719772338867],[30.271244049072266,31.40045166015625],[30.33879280090332,31.271915435791016],[29.882049560546875,31.271915435791016],[29.8017635345459,31.20764923095703],[29.86956024169922,31.079113006591797],[29.633193969726562,30.950578689575195],[29.485143661499023,31.014846801757812],[29.3970890045166,30.822044372558594],[29.017047882080078,30.822044372558594],[28.69454002380371,29.150936126708984],[28.618934631347656,29.150936126708984],[28.60543441772461,28.893810272216797],[28.451032638549805,28.829526901245117],[28.52326202392578,28.765243530273438],[28.466522216796875,27.608078002929688],[28.39124870300293,27.608078002929688],[28.445842742919922,27.158044815063477],[28.37066078186035,27.158044815063477],[28.34257698059082,26.515121459960938],[28.267518997192383,26.515121459960938],[28.288646697998047,25.164974212646484],[28.641216278076172,24.586353302001953],[29.672801971435547,24.200613021850586],[29.95948028564453,23.879167556762695],[30.10871124267578,23.879167556762695],[30.10396385192871,23.75058937072754],[30.39519500732422,23.557723999023438],[30.462675094604492,23.36486053466797],[30.537214279174805,23.36486053466797],[31.670488357543945,23.75058937072754],[32.040863037109375,23.68630027770996],[33.38899612426758,23.814878463745117],[33.6817741394043,23.68630027770996],[33.75636291503906,23.68630027770996],[35.10795974731445,23.879167556762695],[35.55257034301758,23.814878463745117],[35.558753967285156,23.943456649780273],[35.708003997802734,23.943456649780273],[35.78893280029297,24.07203483581543],[35.145530700683594,24.650644302368164],[34.60763931274414,25.807899475097656],[34.461280822753906,25.8721923828125],[34.197208404541016,26.515121459960938],[34.05074691772461,26.57941436767578],[34.07311248779297,26.96516990661621],[33.92659378051758,27.029460906982422],[33.7991943359375,27.41520881652832],[33.585105895996094,27.608078002929688],[33.60887145996094,27.993812561035156],[33.10531997680664,28.379535675048828],[32.83612823486328,28.893810272216797],[32.68916320800781,28.958093643188477],[32.638694763183594,29.34377670288086],[32.428688049316406,29.600887298583984],[32.52609634399414,29.922264099121094],[32.857112884521484,29.21521759033203],[33.213871002197266,28.893810272216797],[33.18891525268555,28.508106231689453],[33.40296936035156,28.315250396728516],[33.553810119628906,28.315250396728516],[33.6169548034668,28.12238883972168],[34.12004470825195,27.736658096313477],[34.345943450927734,27.736658096313477],[34.4377555847168,27.993812561035156],[34.44193649291992,28.058101654052734],[34.16141128540039,28.379535675048828],[33.978118896484375,29.022375106811523],[33.76899719238281,29.279497146606445],[33.78242111206055,29.472333908081055],[33.57338333129883,29.729440689086914],[33.29289627075195,31.079113006591797],[33.216819763183594,31.079113006591797],[32.8316764831543,31.014846801757812],[32.76515197753906,31.143381118774414],[32.53215408325195,31.079113006591797],[32.31330490112305,31.20764923095703],[32.23719787597656,31.20764923095703]]]}},{"type":"Feature","properties":{"Name":"Phoenicia","FromYear":-615,"ToYear":-531,"Area":35028.257201153676,"Type":"POLITY","Wikipedia":"Phoenicia","SeshatID":"lb_phoenician_emp","MemberOf":"","Components":""},"geometry":{"type":"MultiPolygon","coordinates":[[[[-6.96736478805542,33.71455001831055],[-6.805034637451172,33.5859489440918],[-7.333469390869141,33.45735549926758],[-7.473525524139404,33.26447677612305],[-7.875160217285156,33.52165222167969],[-7.428191184997559,33.71455001831055],[-7.432724952697754,33.77885055541992],[-6.985126495361328,33.971771240234375],[-6.96736478805542,33.71455001831055]]],[[[-3.850677967071533,36.80373764038086],[-4.468626022338867,36.73930740356445],[-4.688807487487793,36.5460319519043],[-5.22819709777832,36.48161697387695],[-5.287947177886963,36.2239875793457],[-5.51620626449585,36.15959167480469],[-5.584750652313232,36.03080368041992],[-5.831079006195068,36.2239875793457],[-6.063849925994873,36.2239875793457],[-6.247549057006836,36.61045455932617],[-5.917947292327881,36.3527946472168],[-5.452148914337158,36.3527946472168],[-5.305872917175293,36.48161697387695],[-5.310388565063477,36.5460319519043],[-4.555105209350586,36.8681755065918],[-3.850677967071533,36.80373764038086]]],[[[7.665113925933838,36.5460319519043],[7.271504402160645,36.8681755065918],[7.346271514892578,37.06150817871094],[7.658689975738525,36.9970588684082],[7.659615039825439,36.932613372802734],[7.970929622650146,36.932613372802734],[7.665113925933838,36.5460319519043]]],[[[12.570568084716797,37.96426773071289],[12.571075439453125,38.028785705566406],[12.80629825592041,38.09331130981445],[12.726398468017578,37.89975357055664],[12.570568084716797,37.96426773071289]]],[[[1.430543661117554,38.80344009399414],[1.273545265197754,38.80344009399414],[1.183109045028687,39.06184005737305],[1.258725643157959,39.1264533996582],[1.337347388267517,39.1264533996582],[1.651834011077881,39.1264533996582],[1.657540321350098,38.997230529785156],[1.430543661117554,38.80344009399414]]],[[[8.725872039794922,39.320335388183594],[9.118329048156738,39.449623107910156],[9.355441093444824,39.320335388183594],[9.356317520141602,39.19107437133789],[9.04227066040039,39.1264533996582],[8.96590518951416,38.8680305480957],[8.336196899414062,38.997230529785156],[8.411824226379395,39.25570297241211],[8.333152770996094,39.25570297241211],[8.330102920532227,39.51427459716797],[8.484797477722168,39.77294921875],[8.48337459564209,39.90232849121094],[8.324762344360352,39.9670295715332],[8.400031089782715,40.29063034057617],[8.479111671447754,40.29063034057617],[8.718249320983887,40.0964469909668],[8.725872039794922,39.320335388183594]]],[[[13.759129524230957,32.75019073486328],[14.065231323242188,32.75019073486328],[14.444439888000488,32.493072509765625],[14.674704551696777,32.557350158691406],[14.749334335327148,32.428794860839844],[14.902205467224121,32.428794860839844],[14.592961311340332,32.171695709228516],[14.518306732177734,32.30024337768555],[14.441906929016113,32.30024337768555],[13.757740020751953,32.62162780761719],[12.91635799407959,32.62162780761719],[12.841785430908203,32.878753662109375],[13.071471214294434,32.878753662109375],[13.070935249328613,32.81447219848633],[13.147479057312012,32.81447219848633],[13.148033142089844,32.878753662109375],[13.760527610778809,32.878753662109375],[13.759129524230957,32.75019073486328]]],[[[35.22126770019531,33.13589859008789],[35.227169036865234,33.20018768310547],[35.39840316772461,33.393062591552734],[35.34577560424805,33.65024948120117],[35.49934768676758,33.65024948120117],[35.4470100402832,33.90746307373047],[35.68381118774414,33.971771240234375],[35.64447784423828,34.3576545715332],[35.79212951660156,34.2933349609375],[36.048770904541016,34.55062484741211],[36.0682373046875,34.743614196777344],[35.92698669433594,34.87228775024414],[35.959747314453125,35.194007873535156],[35.88248825073242,35.194007873535156],[35.986270904541016,35.45143127441406],[35.99294662475586,35.51579284667969],[36.23178482055664,35.58015823364258],[36.37296676635742,35.45143127441406],[36.35274124145508,35.258358001708984],[36.184871673583984,35.12965774536133],[36.165035247802734,34.93662643432617],[36.312767028808594,34.87228775024414],[36.202884674072266,34.55062484741211],[36.27994155883789,34.55062484741211],[36.2347297668457,34.10039138793945],[36.049339294433594,33.77885055541992],[36.04308319091797,33.71455001831055],[36.0244255065918,33.52165222167969],[35.44523620605469,33.07160949707031],[35.22126770019531,33.13589859008789]],[[35.51771545410156,33.84315490722656],[35.59455490112305,33.84315490722656],[35.60073471069336,33.90746307373047],[35.52387237548828,33.90746307373047],[35.51771545410156,33.84315490722656]]],[[[33.855735778808594,35.00096893310547],[33.523399353027344,34.743614196777344],[33.36916732788086,34.743614196777344],[33.292049407958984,34.743614196777344],[33.238162994384766,35.00096893310547],[33.46975326538086,35.00096893310547],[33.80862808227539,35.32271194458008],[33.95713424682617,35.258358001708984],[33.95105743408203,35.194007873535156],[34.0994758605957,35.12965774536133],[34.08732223510742,35.00096893310547],[33.855735778808594,35.00096893310547]]],[[[14.33681869506836,35.837650299072266],[14.339592933654785,36.03080368041992],[14.417119026184082,36.03080368041992],[14.571182250976562,35.9664192199707],[14.568227767944336,35.77327346801758],[14.33681869506836,35.837650299072266]]],[[[13.119925498962402,38.157840728759766],[13.510433197021484,38.09331130981445],[13.509642601013184,38.028785705566406],[13.665236473083496,37.96426773071289],[13.039711952209473,37.96426773071289],[13.119925498962402,38.157840728759766]]]]}},{"type":"Feature","properties":{"Name":"Greek City-States","FromYear":-615,"ToYear":-601,"Area":165678.24504265326,"Type":"POLITY","Wikipedia":"Polis","SeshatID":"","MemberOf":"","Components":""},"geometry":{"type":"MultiPolygon","coordinates":[[[[20.54048728942871,31.91460609436035],[20.44478416442871,31.336183547973633],[20.520925521850586,31.336183547973633],[20.584304809570312,30.950578689575195],[20.1280574798584,30.950578689575195],[20.214296340942383,31.271915435791016],[19.996076583862305,31.593257904052734],[20.089075088500977,32.107421875],[20.016965866088867,32.23596954345703],[20.246112823486328,32.23596954345703],[20.33134651184082,32.493072509765625],[20.481992721557617,32.428794860839844],[20.562992095947266,32.557350158691406],[20.71593475341797,32.557350158691406],[20.644094467163086,32.685909271240234],[20.87124252319336,32.62162780761719],[21.108016967773438,32.81447219848633],[21.41167449951172,32.75019073486328],[21.569839477539062,32.878753662109375],[22.108469009399414,32.94303894042969],[23.089431762695312,32.62162780761719],[23.080799102783203,32.428794860839844],[23.230775833129883,32.36451721191406],[23.066604614257812,32.107421875],[22.455829620361328,32.107421875],[22.37948226928711,32.107421875],[21.692359924316406,32.107421875],[21.534757614135742,31.978878021240234],[21.155561447143555,32.043148040771484],[20.54048728942871,31.91460609436035]]],[[[22.887205123901367,36.417205810546875],[22.964859008789062,36.417205810546875],[23.116798400878906,36.3527946472168],[23.10675048828125,36.15959167480469],[22.87404441833496,36.15959167480469],[22.887205123901367,36.417205810546875]]],[[[24.28331756591797,37.706241607666016],[24.36141586303711,37.706241607666016],[24.43158721923828,37.5772590637207],[24.27158546447754,37.51277160644531],[24.201318740844727,37.641746520996094],[24.28331756591797,37.706241607666016]]],[[[20.621307373046875,37.89975357055664],[20.69947624206543,37.89975357055664],[20.933977127075195,37.89975357055664],[20.922147750854492,37.641746520996094],[20.612695693969727,37.706241607666016],[20.621307373046875,37.89975357055664]]],[[[24.694225311279297,38.028785705566406],[24.772438049316406,38.028785705566406],[25.068470001220703,37.7707405090332],[24.830005645751953,37.706241607666016],[24.681930541992188,37.835243225097656],[24.694225311279297,38.028785705566406]]],[[[13.899807929992676,37.96426773071289],[14.05713939666748,38.028785705566406],[14.135353088378906,38.028785705566406],[14.525333404541016,37.96426773071289],[14.365852355957031,37.7707405090332],[14.053367614746094,37.7707405090332],[13.899807929992676,37.96426773071289]]],[[[15.152132987976074,38.028785705566406],[15.154701232910156,38.157840728759766],[15.470523834228516,38.28691864013672],[16.0186767578125,38.28691864013672],[16.427396774291992,38.93262481689453],[16.986989974975586,39.25570297241211],[17.14231300354004,39.19107437133789],[17.057737350463867,38.997230529785156],[16.502395629882812,38.80344009399414],[16.491945266723633,38.416015625],[15.932764053344727,37.96426773071289],[15.698192596435547,37.96426773071289],[15.62426471710205,38.157840728759766],[15.389483451843262,38.157840728759766],[15.066489219665527,37.641746520996094],[15.059245109558105,37.254878997802734],[15.213889122009277,37.1904182434082],[15.049844741821289,36.73930740356445],[14.661029815673828,36.73930740356445],[14.27791690826416,37.12596130371094],[13.578389167785645,37.254878997802734],[13.192005157470703,37.5772590637207],[12.490468978881836,37.706241607666016],[12.49141788482666,37.835243225097656],[12.960283279418945,37.835243225097656],[13.582268714904785,37.5772590637207],[13.660321235656738,37.5772590637207],[14.744194984436035,37.06150817871094],[14.977813720703125,37.06150817871094],[14.75418758392334,37.641746520996094],[15.152132987976074,38.028785705566406]]],[[[20.488054275512695,38.416015625],[20.566410064697266,38.416015625],[20.795446395874023,38.28691864013672],[20.7864933013916,38.09331130981445],[20.319902420043945,38.157840728759766],[20.328466415405273,38.351463317871094],[20.488054275512695,38.416015625]]],[[[23.626148223876953,38.48057174682617],[23.563383102416992,38.738853454589844],[24.030162811279297,38.67427444458008],[24.178871154785156,38.54513168334961],[24.158668518066406,38.22237777709961],[24.002099990844727,38.22237777709961],[23.9786319732666,37.835243225097656],[23.44280242919922,38.028785705566406],[23.208162307739258,38.028785705566406],[23.20083236694336,37.89975357055664],[23.044498443603516,37.89975357055664],[23.108261108398438,37.641746520996094],[23.342487335205078,37.641746520996094],[23.402393341064453,37.3193473815918],[23.168506622314453,37.3193473815918],[23.175601959228516,37.44829177856445],[22.94858741760254,37.5772590637207],[22.71442985534668,37.5772590637207],[22.700735092163086,37.3193473815918],[22.853219985961914,37.254878997802734],[23.056013107299805,36.67487716674805],[22.83283233642578,36.8681755065918],[22.59941291809082,36.8681755065918],[22.51182746887207,36.67487716674805],[22.35634422302246,36.67487716674805],[22.21999168395996,37.06150817871094],[21.90850067138672,37.06150817871094],[21.899152755737305,36.8681755065918],[21.743539810180664,36.8681755065918],[21.681032180786133,37.1904182434082],[21.60311508178711,37.1904182434082],[21.696598052978516,37.51277160644531],[21.243581771850586,37.835243225097656],[21.415550231933594,38.157840728759766],[21.728593826293945,38.157840728759766],[21.738431930541992,38.351463317871094],[21.19325065612793,38.416015625],[20.973709106445312,38.738853454589844],[20.74135398864746,38.80344009399414],[20.747533798217773,38.93262481689453],[21.14027214050293,38.93262481689453],[21.14674949645996,39.06184005737305],[20.98955535888672,39.06184005737305],[21.077896118164062,39.25570297241211],[21.635509490966797,39.38497543334961],[21.864606857299805,39.25570297241211],[21.929227828979492,38.997230529785156],[22.16851043701172,39.06184005737305],[22.179292678833008,39.25570297241211],[22.587739944458008,39.51427459716797],[22.539735794067383,40.031734466552734],[22.697689056396484,40.031734466552734],[22.610868453979492,39.90232849121094],[23.135168075561523,39.449623107910156],[22.816326141357422,39.38497543334961],[22.797286987304688,39.06184005737305],[22.95830535888672,39.1264533996582],[23.10781478881836,38.997230529785156],[23.34353256225586,38.997230529785156],[23.488826751708984,38.80344009399414],[23.178667068481445,38.8680305480957],[23.182519912719727,38.93262481689453],[22.943096160888672,38.8680305480957],[22.935583114624023,38.738853454589844],[23.16720199584961,38.67427444458008],[23.312631607055664,38.48057174682617],[23.626148223876953,38.48057174682617]],[[22.980764389038086,38.157840728759766],[22.977134704589844,38.09331130981445],[23.05537223815918,38.09331130981445],[23.059024810791016,38.157840728759766],[22.980764389038086,38.157840728759766]],[[22.745981216430664,38.157840728759766],[22.83506965637207,38.351463317871094],[22.51470184326172,38.22237777709961],[22.603641510009766,38.416015625],[22.29022216796875,38.416015625],[22.439908981323242,38.28691864013672],[22.436416625976562,38.22237777709961],[22.589460372924805,38.157840728759766],[22.657155990600586,37.96426773071289],[22.969919204711914,37.96426773071289],[22.9061222076416,38.22237777709961],[22.745981216430664,38.157840728759766]],[[22.984405517578125,38.22237777709961],[22.988061904907227,38.28691864013672],[22.909753799438477,38.28691864013672],[22.9061222076416,38.22237777709961],[22.984405517578125,38.22237777709961]],[[22.429473876953125,38.09331130981445],[22.432939529418945,38.157840728759766],[22.354679107666016,38.157840728759766],[22.35123634338379,38.09331130981445],[22.429473876953125,38.09331130981445]],[[22.276418685913086,38.157840728759766],[22.279848098754883,38.22237777709961],[22.20156478881836,38.22237777709961],[22.198156356811523,38.157840728759766],[22.276418685913086,38.157840728759766]],[[22.35813331604004,38.22237777709961],[22.361600875854492,38.28691864013672],[22.283292770385742,38.28691864013672],[22.279848098754883,38.22237777709961],[22.35813331604004,38.22237777709961]]],[[[23.56732749938965,38.80344009399414],[23.563383102416992,38.738853454589844],[23.484909057617188,38.738853454589844],[23.488826751708984,38.80344009399414],[23.56732749938965,38.80344009399414]]],[[[24.364974975585938,38.997230529785156],[24.443546295166016,38.997230529785156],[24.674930572509766,38.93262481689453],[24.662033081054688,38.738853454589844],[24.35651969909668,38.8680305480957],[24.364974975585938,38.997230529785156]]],[[[19.921405792236328,39.77294921875],[19.918411254882812,39.70827102661133],[19.912464141845703,39.57893371582031],[19.75778579711914,39.64360046386719],[19.76365852355957,39.77294921875],[19.921405792236328,39.77294921875]]],[[[17.508296966552734,40.6791877746582],[17.503604888916016,40.54964065551758],[17.981229782104492,40.614410400390625],[18.43811798095703,40.16116714477539],[18.34894371032715,39.90232849121094],[18.11216926574707,39.90232849121094],[17.813072204589844,40.355369567871094],[17.41753578186035,40.355369567871094],[17.345230102539062,40.54964065551758],[17.02848243713379,40.54964065551758],[16.867990493774414,40.4848747253418],[16.945016860961914,40.42012023925781],[16.861696243286133,40.29063034057617],[16.624452590942383,40.29063034057617],[16.697484970092773,40.0964469909668],[16.454753875732422,39.90232849121094],[16.452865600585938,39.8376350402832],[16.216169357299805,39.8376350402832],[16.30623435974121,40.225894927978516],[16.876516342163086,40.74397277832031],[17.508296966552734,40.6791877746582]]],[[[15.431868553161621,40.031734466552734],[14.963752746582031,40.29063034057617],[14.893351554870605,40.6791877746582],[14.417906761169434,40.6791877746582],[14.421854972839355,40.873565673828125],[14.104567527770996,40.873565673828125],[14.02763557434082,41.00318908691406],[15.056429862976074,40.873565673828125],[15.36074447631836,40.355369567871094],[15.520606994628906,40.42012023925781],[15.517318725585938,40.29063034057617],[15.83190631866455,40.225894927978516],[15.826749801635742,40.031734466552734],[15.905726432800293,40.031734466552734],[15.903999328613281,39.9670295715332],[15.742775917053223,39.8376350402832],[15.66714859008789,39.9670295715332],[15.747773170471191,40.031734466552734],[15.431868553161621,40.031734466552734]]],[[[15.44310188293457,40.4848747253418],[15.363941192626953,40.4848747253418],[15.365551948547363,40.54964065551758],[15.44473934173584,40.54964065551758],[15.44310188293457,40.4848747253418]]],[[[15.365551948547363,40.54964065551758],[15.286365509033203,40.54964065551758],[15.287956237792969,40.614410400390625],[15.367170333862305,40.614410400390625],[15.365551948547363,40.54964065551758]]],[[[24.57025909423828,40.80876541137695],[24.808143615722656,40.80876541137695],[24.793624877929688,40.614410400390625],[24.551259994506836,40.54964065551758],[24.490964889526367,40.80876541137695],[24.57025909423828,40.80876541137695]]],[[[24.897262573242188,40.93837356567383],[24.34656524658203,41.00318908691406],[24.010608673095703,40.74397277832031],[23.698017120361328,40.80876541137695],[23.684629440307617,40.614410400390625],[23.83857536315918,40.54964065551758],[23.6583194732666,40.225894927978516],[23.662660598754883,40.29063034057617],[23.19237518310547,40.355369567871094],[23.385225296020508,40.873565673828125],[24.519824981689453,41.19768524169922],[25.145366668701172,41.06801223754883],[24.897262573242188,40.93837356567383]]],[[[19.825313568115234,41.06801223754883],[19.58710289001465,41.06801223754883],[19.501523971557617,40.93837356567383],[19.422176361083984,40.93837356567383],[19.513919830322266,41.19768524169922],[19.440670013427734,41.32738494873047],[19.685630798339844,41.45711898803711],[19.825313568115234,41.06801223754883]]],[[[33.95713424682617,35.258358001708984],[33.80862808227539,35.32271194458008],[33.46975326538086,35.00096893310547],[33.238162994384766,35.00096893310547],[33.292049407958984,34.743614196777344],[33.28626251220703,34.679283142089844],[32.88944625854492,34.55062484741211],[32.746585845947266,34.679283142089844],[32.36665725708008,34.743614196777344],[32.229042053222656,34.93662643432617],[32.24578857421875,35.12965774536133],[32.55473709106445,35.12965774536133],[32.875247955322266,35.258358001708984],[32.886871337890625,35.38706970214844],[33.73737716674805,35.38706970214844],[34.309810638427734,35.708900451660156],[34.38723373413086,35.708900451660156],[34.542076110839844,35.708900451660156],[34.5294189453125,35.58015823364258],[34.0344123840332,35.258358001708984],[33.95713424682617,35.258358001708984]]],[[[24.149879455566406,35.38706970214844],[24.30097007751465,35.32271194458008],[25.69233512878418,35.32271194458008],[25.680648803710938,35.12965774536133],[26.22533416748047,35.194007873535156],[26.140073776245117,35.065311431884766],[24.823745727539062,35.00096893310547],[24.7574462890625,35.194007873535156],[24.52567481994629,35.194007873535156],[24.44841766357422,35.194007873535156],[23.679210662841797,35.258358001708984],[23.615402221679688,35.51579284667969],[24.156919479370117,35.51579284667969],[24.149879455566406,35.38706970214844]]],[[[27.692523956298828,36.28839111328125],[28.01713752746582,36.48161697387695],[28.09481430053711,36.48161697387695],[28.250165939331055,36.48161697387695],[28.139331817626953,36.03080368041992],[27.742563247680664,35.902034759521484],[27.692523956298828,36.28839111328125]]],[[[32.58802795410156,36.3527946472168],[32.904632568359375,36.417205810546875],[32.9822883605957,36.417205810546875],[33.98542022705078,36.3527946472168],[32.713401794433594,36.03080368041992],[32.48670196533203,36.09519577026367],[32.58802795410156,36.3527946472168]]],[[[30.109071731567383,36.417205810546875],[30.18672752380371,36.417205810546875],[30.280517578125,36.61045455932617],[30.524646759033203,36.73930740356445],[30.49193572998047,36.3527946472168],[30.109071731567383,36.417205810546875]]],[[[27.116777420043945,36.932613372802734],[27.18541717529297,36.80373764038086],[26.865324020385742,36.67487716674805],[27.038949966430664,36.932613372802734],[27.116777420043945,36.932613372802734]]],[[[25.416915893554688,37.12596130371094],[25.57270622253418,37.12596130371094],[25.56435775756836,36.9970588684082],[25.330806732177734,36.9970588684082],[25.339021682739258,37.12596130371094],[25.416915893554688,37.12596130371094]]],[[[26.157678604125977,37.706241607666016],[26.313875198364258,37.706241607666016],[26.304851531982422,37.5772590637207],[25.988245010375977,37.51277160644531],[26.079580307006836,37.706241607666016],[26.157678604125977,37.706241607666016]]],[[[24.986202239990234,37.706241607666016],[25.064300537109375,37.706241607666016],[25.220497131347656,37.706241607666016],[25.285974502563477,37.51277160644531],[25.0518856048584,37.51277160644531],[24.986202239990234,37.706241607666016]]],[[[28.241052627563477,37.38381576538086],[28.512718200683594,36.8681755065918],[28.434911727905273,36.8681755065918],[28.03143882751465,36.67487716674805],[28.138330459594727,37.06150817871094],[28.065349578857422,37.12596130371094],[27.597978591918945,37.12596130371094],[27.53919219970703,37.38381576538086],[27.22254180908203,37.3193473815918],[27.309988021850586,37.44829177856445],[27.16343116760254,37.5772590637207],[27.2558650970459,37.7707405090332],[27.177743911743164,37.7707405090332],[27.27528190612793,38.028785705566406],[26.888994216918945,38.09331130981445],[26.820327758789062,38.22237777709961],[26.42890739440918,38.22237777709961],[26.38368797302246,38.67427444458008],[26.535762786865234,38.60969924926758],[26.594974517822266,38.351463317871094],[27.06496238708496,38.351463317871094],[27.079774856567383,38.54513168334961],[26.849470138549805,38.60969924926758],[26.95786476135254,38.997230529785156],[26.81582260131836,39.19107437133789],[26.82089614868164,39.25570297241211],[26.909828186035156,39.38497543334961],[27.303434371948242,39.38497543334961],[27.44499397277832,39.19107437133789],[27.34556007385254,38.93262481689453],[27.10484504699707,38.8680305480957],[27.011295318603516,38.67427444458008],[27.163177490234375,38.60969924926758],[27.143293380737305,38.351463317871094],[27.421873092651367,37.89975357055664],[27.416982650756836,37.835243225097656],[27.47564125061035,37.5772590637207],[27.631746292114258,37.5772590637207],[27.700023651123047,37.44829177856445],[28.241052627563477,37.38381576538086]]],[[[25.89913558959961,38.48057174682617],[25.820756912231445,38.48057174682617],[25.912982940673828,38.67427444458008],[25.99143409729004,38.67427444458008],[26.217344284057617,38.54513168334961],[26.111188888549805,38.157840728759766],[25.876405715942383,38.157840728759766],[25.89913558959961,38.48057174682617]]],[[[26.103172302246094,39.1264533996582],[25.793418884277344,39.19107437133789],[26.043895721435547,39.38497543334961],[26.122615814208984,39.38497543334961],[26.511207580566406,39.320335388183594],[26.643573760986328,38.997230529785156],[26.24588966369629,38.93262481689453],[26.09356689453125,38.997230529785156],[26.103172302246094,39.1264533996582]]],[[[25.145954132080078,40.031734466552734],[25.46186065673828,40.031734466552734],[25.447328567504883,39.8376350402832],[24.973936080932617,39.8376350402832],[25.066978454589844,40.031734466552734],[25.145954132080078,40.031734466552734]]],[[[26.84657859802246,39.57893371582031],[26.132457733154297,39.51427459716797],[26.2723331451416,40.29063034057617],[26.604726791381836,40.4848747253418],[26.683887481689453,40.4848747253418],[26.673099517822266,40.355369567871094],[27.46982192993164,40.42012023925781],[27.464174270629883,40.355369567871094],[27.37388801574707,40.225894927978516],[26.65707778930664,40.16116714477539],[26.70970916748047,39.8376350402832],[26.704496383666992,39.77294921875],[27.019989013671875,39.77294921875],[27.16706657409668,39.64360046386719],[26.841400146484375,39.51427459716797],[26.84657859802246,39.57893371582031]]],[[[25.718765258789062,40.29063034057617],[25.7978458404541,40.29063034057617],[26.03508949279785,40.29063034057617],[26.024850845336914,40.16116714477539],[25.703752517700195,40.0964469909668],[25.718765258789062,40.29063034057617]]],[[[26.9268741607666,40.54964065551758],[26.842208862304688,40.4848747253418],[26.773971557617188,40.614410400390625],[27.006061553955078,40.54964065551758],[26.9268741607666,40.54964065551758]]],[[[40.60837936401367,40.93837356567383],[40.56735610961914,40.6791877746582],[39.86415100097656,40.74397277832031],[39.68583679199219,40.614410400390625],[39.54707717895508,40.74397277832031],[39.160491943359375,40.80876541137695],[38.824058532714844,40.6791877746582],[37.8731689453125,40.6791877746582],[37.126163482666016,41.00318908691406],[36.878971099853516,40.93837356567383],[36.897125244140625,41.06801223754883],[36.43864440917969,41.19768524169922],[36.77476501464844,41.32738494873047],[37.06510925292969,41.132843017578125],[37.23323440551758,41.19768524169922],[37.21474075317383,41.06801223754883],[37.770565032958984,41.06801223754883],[37.83116149902344,40.93837356567383],[38.15805435180664,41.00318908691406],[38.29773712158203,40.873565673828125],[38.951820373535156,41.00318908691406],[38.96162414550781,41.06801223754883],[39.20975112915039,41.132843017578125],[39.735538482666016,40.93837356567383],[40.370330810546875,40.93837356567383],[40.47029495239258,41.06801223754883],[40.60837936401367,40.93837356567383]]],[[[28.1386775970459,41.65177917480469],[28.291698455810547,41.586883544921875],[28.352495193481445,41.39224624633789],[28.975934982299805,41.26253128051758],[28.96312141418457,41.132843017578125],[29.366811752319336,41.19768524169922],[29.255043029785156,40.873565673828125],[29.10276222229004,40.93837356567383],[29.115554809570312,41.06801223754883],[28.71226692199707,41.00318908691406],[28.632890701293945,41.00318908691406],[28.16880989074707,41.132843017578125],[28.077255249023438,41.00318908691406],[27.918502807617188,41.00318908691406],[28.187231063842773,41.32738494873047],[28.1386775970459,41.65177917480469]]]]}},{"type":"Feature","properties":{"Name":"Median Kingdom","FromYear":-615,"ToYear":-601,"Area":2062083.6137691112,"Type":"POLITY","Wikipedia":"Median dynasty","SeshatID":"ir_median_emp","MemberOf":"","Components":""},"geometry":{"type":"MultiPolygon","coordinates":[[[[65.30093383789062,37.7707405090332],[65.56533813476562,37.5772590637207],[65.87754821777344,37.5772590637207],[66.21959686279297,37.38381576538086],[66.93768310546875,37.44829177856445],[67.20094299316406,37.254878997802734],[67.6069564819336,37.3193473815918],[67.82445526123047,37.254878997802734],[67.94763946533203,37.12596130371094],[67.91515350341797,36.9970588684082],[68.42752838134766,36.8681755065918],[68.96853637695312,36.5460319519043],[69.1401596069336,36.61045455932617],[69.26310729980469,36.48161697387695],[69.85186767578125,36.3527946472168],[70.25643920898438,36.417205810546875],[70.93402862548828,36.03080368041992],[71.26058959960938,36.09519577026367],[71.42745971679688,35.837650299072266],[72.01423645019531,35.708900451660156],[72.68954467773438,35.32271194458008],[72.65693664550781,35.194007873535156],[72.82379913330078,34.93662643432617],[72.7118911743164,34.48630142211914],[72.41804504394531,34.22901916503906],[72.4638671875,34.10039138793945],[72.04850769042969,33.971771240234375],[72.00270080566406,33.77885055541992],[71.84906005859375,33.77885055541992],[71.69709014892578,33.45735549926758],[71.33118438720703,33.20018768310547],[71.37858581542969,33.07160949707031],[71.22535705566406,33.07160949707031],[71.18193054199219,32.878753662109375],[70.9522476196289,32.878753662109375],[70.95755767822266,32.557350158691406],[70.59580993652344,32.30024337768555],[70.45687103271484,32.36451721191406],[70.26270294189453,32.171695709228516],[69.71459197998047,32.107421875],[69.62474822998047,32.043148040771484],[69.67420196533203,31.91460609436035],[69.20317077636719,31.8503360748291],[69.1767807006836,31.7217960357666],[67.9333267211914,30.822044372558594],[67.78131103515625,30.822044372558594],[66.81580352783203,30.115081787109375],[66.50106048583984,30.050809860229492],[66.2286376953125,29.79371452331543],[65.20040130615234,29.536611557006836],[64.60549926757812,29.600887298583984],[64.29206085205078,29.536611557006836],[64.19532775878906,29.40805435180664],[62.22803497314453,29.40805435180664],[61.728515625,29.600887298583984],[59.89167404174805,28.958093643188477],[59.7700309753418,28.636676788330078],[59.628150939941406,28.700960159301758],[59.52550506591797,28.508106231689453],[59.56531524658203,28.25096321105957],[59.41450119018555,28.25096321105957],[59.388282775878906,28.058101654052734],[59.153568267822266,27.993812561035156],[59.00265884399414,27.41520881652832],[58.92742156982422,27.41520881652832],[58.98632049560547,27.2866268157959],[58.87104797363281,26.96516990661621],[58.9304313659668,26.836584091186523],[59.155792236328125,26.836584091186523],[59.04185485839844,26.515121459960938],[59.17668151855469,26.386537551879883],[58.98186111450195,26.000778198242188],[59.44858169555664,25.48643684387207],[59.35962677001953,25.357851028442383],[59.060218811035156,25.357851028442383],[58.78172302246094,25.55072784423828],[57.957984924316406,25.55072784423828],[57.7402229309082,25.615020751953125],[57.67921447753906,25.743606567382812],[57.37953567504883,25.743606567382812],[57.11480712890625,26.06507110595703],[57.05242156982422,26.836584091186523],[56.714656829833984,27.158044815063477],[56.188377380371094,27.158044815063477],[56.098140716552734,27.029460906982422],[56.32361602783203,27.029460906982422],[56.30864334106445,26.900876998901367],[56.06119155883789,26.70800018310547],[55.60341262817383,26.643707275390625],[55.439002990722656,26.515121459960938],[55.220890045166016,26.57941436767578],[55.23513412475586,26.70800018310547],[54.9886474609375,26.515121459960938],[54.68146514892578,26.450830459594727],[54.25889205932617,26.70800018310547],[53.65812301635742,26.70800018310547],[53.46059036254883,26.96516990661621],[52.736968994140625,27.222335815429688],[52.478694915771484,27.608078002929688],[52.04855728149414,27.800947189331055],[51.5966796875,27.800947189331055],[51.31684494018555,27.993812561035156],[51.331298828125,28.12238883972168],[51.06624984741211,28.44382095336914],[51.028076171875,28.765243530273438],[50.80903244018555,28.829526901245117],[50.9150390625,29.08665657043457],[50.620323181152344,29.150936126708984],[50.65126037597656,29.40805435180664],[50.23628234863281,29.729440689086914],[50.056739807128906,30.115081787109375],[50.0648078918457,30.179353713989258],[50.39280319213867,30.372163772583008],[50.4177131652832,30.564971923828125],[50.06296920776367,30.757776260375977],[50.004764556884766,31.464719772338867],[50.27747344970703,31.78606605529785],[50.008087158203125,32.043148040771484],[50.02610397338867,32.171695709228516],[49.81504440307617,32.30024337768555],[49.84233093261719,32.493072509765625],[49.707698822021484,32.62162780761719],[49.31618881225586,32.557350158691406],[49.12298583984375,32.81447219848633],[48.74930191040039,32.878753662109375],[48.61426544189453,33.00732421875],[48.07807540893555,33.00732421875],[47.974830627441406,32.81447219848633],[47.82174301147461,32.81447219848633],[47.4151496887207,33.20018768310547],[46.67476272583008,33.393062591552734],[46.71001052856445,33.65024948120117],[46.14847946166992,34.03607940673828],[46.134151458740234,34.48630142211914],[46.2751350402832,34.93662643432617],[46.89254379272461,34.93662643432617],[47.17160415649414,35.258358001708984],[47.21009826660156,35.51579284667969],[47.13274002075195,35.51579284667969],[47.16183090209961,35.708900451660156],[46.86181640625,35.77327346801758],[46.80375289916992,35.902034759521484],[46.22230911254883,36.15959167480469],[45.989601135253906,36.15959167480469],[45.931251525878906,36.28839111328125],[45.94090270996094,36.3527946472168],[46.34867858886719,36.48161697387695],[46.57182312011719,36.417205810546875],[46.84476852416992,36.67487716674805],[46.78716278076172,36.80373764038086],[47.02051544189453,36.80373764038086],[47.38333511352539,37.12596130371094],[47.87187957763672,37.254878997802734],[48.226776123046875,37.51277160644531],[48.37074279785156,37.89975357055664],[48.527076721191406,37.89975357055664],[48.638938903808594,38.09331130981445],[48.505027770996094,38.22237777709961],[48.617530822753906,38.416015625],[48.55064010620117,38.48057174682617],[48.71894836425781,38.54513168334961],[48.8410758972168,38.351463317871094],[48.82852554321289,37.835243225097656],[49.08510208129883,37.51277160644531],[49.85409164428711,37.44829177856445],[50.320892333984375,36.9970588684082],[50.56571960449219,37.06150817871094],[50.632293701171875,36.9970588684082],[50.53199768066406,36.8681755065918],[51.6419677734375,36.5460319519043],[52.58595275878906,36.61045455932617],[53.488651275634766,36.8681755065918],[55.14763641357422,36.9970588684082],[55.8088493347168,37.1904182434082],[55.83466339111328,37.3193473815918],[56.0555534362793,37.254878997802734],[56.562713623046875,37.44829177856445],[57.6956901550293,37.641746520996094],[59.193275451660156,37.706241607666016],[60.20331954956055,38.028785705566406],[60.750816345214844,38.028785705566406],[61.01542663574219,38.157840728759766],[62.39240264892578,38.351463317871094],[63.523433685302734,38.80344009399414],[63.837432861328125,38.80344009399414],[64.00749206542969,38.54513168334961],[64.36690521240234,38.416015625],[64.66151428222656,38.028785705566406],[65.22280883789062,37.7707405090332],[65.30093383789062,37.7707405090332]]],[[[56.06855010986328,37.3193473815918],[55.9905891418457,37.3193473815918],[56.003604888916016,37.38381576538086],[56.08158874511719,37.38381576538086],[56.06855010986328,37.3193473815918]]]]}},{"type":"Feature","properties":{"Name":"Elam","FromYear":-615,"ToYear":-601,"Area":43989.15491626055,"Type":"POLITY","Wikipedia":"Elam","SeshatID":"","MemberOf":"","Components":""},"geometry":{"type":"Polygon","coordinates":[[[50.0648078918457,30.179353713989258],[50.39280319213867,30.372163772583008],[50.4177131652832,30.564971923828125],[50.06296920776367,30.757776260375977],[50.004764556884766,31.464719772338867],[50.27747344970703,31.78606605529785],[50.008087158203125,32.043148040771484],[50.02610397338867,32.171695709228516],[49.81504440307617,32.30024337768555],[49.84233093261719,32.493072509765625],[49.707698822021484,32.62162780761719],[49.31618881225586,32.557350158691406],[49.12298583984375,32.81447219848633],[48.74930191040039,32.878753662109375],[48.61426544189453,33.00732421875],[48.07807540893555,33.00732421875],[47.974830627441406,32.81447219848633],[47.93099594116211,32.493072509765625],[48.15162658691406,32.428794860839844],[48.252750396728516,31.464719772338867],[49.28668975830078,30.629240036010742],[49.27046203613281,30.500701904296875],[49.11860656738281,30.500701904296875],[49.110572814941406,30.436433792114258],[49.034664154052734,30.436433792114258],[49.02667999267578,30.372163772583008],[49.01873016357422,30.307893753051758],[49.094608306884766,30.307893753051758],[49.22257995605469,30.115081787109375],[49.450077056884766,30.115081787109375],[49.585899353027344,29.986536026000977],[49.98896026611328,30.179353713989258],[50.0648078918457,30.179353713989258]]]}},{"type":"Feature","properties":{"Name":"Neo-Assyrian Empire","FromYear":-615,"ToYear":-601,"Area":555798.2934094695,"Type":"POLITY","Wikipedia":"Neo-Assyrian Empire","SeshatID":"iq_neo_assyrian_emp","MemberOf":"","Components":""},"geometry":{"type":"Polygon","coordinates":[[[44.84199523925781,37.3193473815918],[44.627601623535156,37.44829177856445],[44.58888626098633,37.706241607666016],[44.30603790283203,37.89975357055664],[44.45452117919922,38.351463317871094],[43.280696868896484,38.8680305480957],[43.22235870361328,38.997230529785156],[42.89805603027344,38.93262481689453],[42.68233108520508,39.06184005737305],[42.005008697509766,38.738853454589844],[41.76958465576172,38.738853454589844],[41.71983337402344,38.93262481689453],[41.48419189453125,38.93262481689453],[41.38665008544922,38.80344009399414],[40.846466064453125,38.8680305480957],[40.74940872192383,38.738853454589844],[40.112586975097656,38.67427444458008],[40.016239166259766,38.54513168334961],[39.47618103027344,38.60969924926758],[39.18071365356445,38.157840728759766],[38.86766815185547,38.157840728759766],[38.65800094604492,38.351463317871094],[38.42300796508789,38.351463317871094],[38.31162643432617,38.09331130981445],[38.147010803222656,38.028785705566406],[37.84220504760742,38.09331130981445],[37.57759094238281,38.48057174682617],[37.28023147583008,38.60969924926758],[37.304691314697266,38.80344009399414],[37.226192474365234,38.80344009399414],[36.74718475341797,38.738853454589844],[36.550846099853516,38.416015625],[36.417537689208984,38.60969924926758],[36.260684967041016,38.60969924926758],[36.05785369873047,38.22237777709961],[35.6441650390625,38.028785705566406],[35.622135162353516,37.835243225097656],[35.3167839050293,37.89975357055664],[35.22423553466797,37.7707405090332],[34.989871978759766,37.7707405090332],[34.96168518066406,37.51277160644531],[34.8836555480957,37.51277160644531],[34.86283493041992,37.3193473815918],[35.167701721191406,37.254878997802734],[35.06901550292969,37.06150817871094],[35.21095657348633,36.932613372802734],[35.11945724487305,36.80373764038086],[34.886104583740234,36.80373764038086],[34.95038986206055,36.67487716674805],[35.11265563964844,36.73930740356445],[35.487709045410156,36.61045455932617],[35.833587646484375,36.932613372802734],[36.144901275634766,36.932613372802734],[36.28622817993164,36.80373764038086],[36.26490020751953,36.61045455932617],[35.84861373901367,36.3527946472168],[35.990074157714844,36.2239875793457],[35.9559211730957,35.902034759521484],[35.87843704223633,35.902034759521484],[35.91558837890625,35.51579284667969],[35.99294662475586,35.51579284667969],[36.23178482055664,35.58015823364258],[36.37296676635742,35.45143127441406],[36.35274124145508,35.258358001708984],[36.184871673583984,35.12965774536133],[36.165035247802734,34.93662643432617],[36.312767028808594,34.87228775024414],[36.202884674072266,34.55062484741211],[36.27994155883789,34.55062484741211],[36.2347297668457,34.10039138793945],[36.049339294433594,33.77885055541992],[36.04308319091797,33.71455001831055],[36.0244255065918,33.52165222167969],[35.44523620605469,33.07160949707031],[35.22126770019531,33.13589859008789],[35.21538543701172,33.07160949707031],[35.05632781982422,33.00732421875],[35.021759033203125,32.62162780761719],[34.76983642578125,32.36451721191406],[34.81304168701172,31.978878021240234],[34.57329559326172,31.8503360748291],[34.6388053894043,31.7217960357666],[34.546607971191406,31.528987884521484],[34.30759811401367,31.40045166015625],[34.2972412109375,31.271915435791016],[33.98260498046875,31.143381118774414],[33.36896896362305,31.079113006591797],[33.29289627075195,31.079113006591797],[33.57338333129883,29.729440689086914],[33.78242111206055,29.472333908081055],[33.76899719238281,29.279497146606445],[33.978118896484375,29.022375106811523],[34.16141128540039,28.379535675048828],[34.44193649291992,28.058101654052734],[34.517303466796875,28.058101654052734],[34.54724884033203,28.508106231689453],[34.71140670776367,28.700960159301758],[34.83723831176758,29.40805435180664],[35.42822265625,29.21521759033203],[35.80632781982422,29.21521759033203],[35.76985549926758,29.729440689086914],[35.87599563598633,30.115081787109375],[35.95182800292969,30.115081787109375],[36.069698333740234,30.629240036010742],[36.40085220336914,30.950578689575195],[36.2708854675293,31.20764923095703],[36.423099517822266,31.20764923095703],[36.38663864135742,31.65752601623535],[36.46286392211914,31.65752601623535],[36.491905212402344,31.978878021240234],[36.65636444091797,32.107421875],[36.5155143737793,32.23596954345703],[36.750667572021484,32.30024337768555],[36.698429107666016,32.557350158691406],[36.47505187988281,32.62162780761719],[36.56983184814453,32.81447219848633],[36.50554275512695,32.94303894042969],[36.8369026184082,33.20018768310547],[36.69615936279297,33.32876968383789],[36.72791290283203,33.65024948120117],[37.0545654296875,33.84315490722656],[37.234683990478516,34.10039138793945],[37.38852310180664,34.10039138793945],[37.32497787475586,34.22901916503906],[38.17873764038086,35.00096893310547],[38.80360794067383,35.065311431884766],[39.09039306640625,34.87228775024414],[39.2520866394043,34.93662643432617],[39.54589080810547,34.80794906616211],[39.60816192626953,34.679283142089844],[40.41832733154297,34.3576545715332],[40.472782135009766,34.164703369140625],[40.84990692138672,34.10039138793945],[40.91171646118164,33.971771240234375],[41.211639404296875,33.90746307373047],[41.48860549926758,33.65024948120117],[42.578269958496094,33.13589859008789],[42.708534240722656,32.94303894042969],[43.152584075927734,32.81447219848633],[43.3514289855957,32.557350158691406],[43.42790222167969,32.557350158691406],[43.91015625,32.75019073486328],[44.208351135253906,32.685909271240234],[44.17155075073242,33.00732421875],[43.965721130371094,33.20018768310547],[44.280452728271484,33.26447677612305],[44.423091888427734,33.77885055541992],[44.59355545043945,33.90746307373047],[45.157405853271484,34.10039138793945],[45.50016784667969,34.3576545715332],[46.134151458740234,34.48630142211914],[46.2751350402832,34.93662643432617],[46.89254379272461,34.93662643432617],[47.17160415649414,35.258358001708984],[47.21009826660156,35.51579284667969],[47.13274002075195,35.51579284667969],[47.16183090209961,35.708900451660156],[46.86181640625,35.77327346801758],[46.80375289916992,35.902034759521484],[46.22230911254883,36.15959167480469],[45.989601135253906,36.15959167480469],[45.931251525878906,36.28839111328125],[45.8536376953125,36.28839111328125],[45.50385665893555,36.5460319519043],[45.34846115112305,36.5460319519043],[45.30925369262695,36.80373764038086],[44.92033004760742,36.80373764038086],[44.83222961425781,37.254878997802734],[44.84199523925781,37.3193473815918]],[[34.84067153930664,32.30024337768555],[34.846256256103516,32.36451721191406],[34.922672271728516,32.36451721191406],[34.91707229614258,32.30024337768555],[34.84067153930664,32.30024337768555]]]}},{"type":"Feature","properties":{"Name":"Babylonia","FromYear":-615,"ToYear":-601,"Area":152584.98408953391,"Type":"POLITY","Wikipedia":"Babylonia","SeshatID":"","MemberOf":"","Components":""},"geometry":{"type":"Polygon","coordinates":[[[49.04267883300781,30.500701904296875],[49.034664154052734,30.436433792114258],[49.02667999267578,30.372163772583008],[49.01873016357422,30.307893753051758],[48.942848205566406,30.307893753051758],[48.987266540527344,30.050809860229492],[48.36544418334961,29.922264099121094],[48.40353012084961,29.600887298583984],[48.09330749511719,29.536611557006836],[47.646427154541016,29.600887298583984],[47.28971481323242,29.79371452331543],[46.97944259643555,29.729440689086914],[46.99397659301758,29.857990264892578],[46.84971618652344,29.922264099121094],[46.61511993408203,29.857990264892578],[46.590572357177734,30.307893753051758],[45.77046203613281,30.436433792114258],[44.95460891723633,31.271915435791016],[44.5814208984375,31.336183547973633],[44.459014892578125,31.593257904052734],[43.420249938964844,32.493072509765625],[43.42790222167969,32.557350158691406],[43.91015625,32.75019073486328],[44.208351135253906,32.685909271240234],[44.17155075073242,33.00732421875],[43.965721130371094,33.20018768310547],[44.280452728271484,33.26447677612305],[44.423091888427734,33.77885055541992],[44.59355545043945,33.90746307373047],[45.157405853271484,34.10039138793945],[45.50016784667969,34.3576545715332],[46.134151458740234,34.48630142211914],[46.14847946166992,34.03607940673828],[46.71001052856445,33.65024948120117],[46.67476272583008,33.393062591552734],[47.4151496887207,33.20018768310547],[47.82174301147461,32.81447219848633],[47.974830627441406,32.81447219848633],[47.93099594116211,32.493072509765625],[48.15162658691406,32.428794860839844],[48.252750396728516,31.464719772338867],[49.28668975830078,30.629240036010742],[49.27046203613281,30.500701904296875],[49.11860656738281,30.500701904296875],[49.04267883300781,30.500701904296875]]]}}]}
